{
	"format_version": "1.8.0",
	"animations": {
		"animation.drifblim_mega.ground_idle": {
			"loop": true,
			"bones": {
				"arm_front_left_rotation": {
					"rotation": ["30+Math.cos((query.anim_time) * 90 * 1 - 150) * 4", 0, 0]
				},
				"arm_front_left2": {
					"rotation": ["17.5+Math.cos((query.anim_time) * 90 * 1 - 210) * 7", 0, 0]
				},
				"hand_front_left": {
					"rotation": ["10+Math.cos((query.anim_time) * 90 * 1 - 270) * 8", 0, 0]
				},
				"arm_back_left_rotation": {
					"rotation": ["-30+Math.cos((query.anim_time) * 90 * 1 - 150) * -4", 0, 0]
				},
				"arm_back_left2": {
					"rotation": ["-17.5+Math.cos((query.anim_time) * 90 * 1 - 210) * -7", 0, 0]
				},
				"hand_back_left": {
					"rotation": ["-10+Math.cos((query.anim_time) * 90 * 1 - 270) * -8", 0, 0]
				},
				"arm_front_right_rotation": {
					"rotation": ["30+Math.cos((query.anim_time) * 90 * 1 - 150) * 4", 0, 0]
				},
				"arm_front_right2": {
					"rotation": ["17.5+Math.cos((query.anim_time) * 90 * 1 - 210) * 7", 0, 0]
				},
				"hand_front_right": {
					"rotation": ["10+Math.cos((query.anim_time) * 90 * 1 - 270) * 8", 0, 0]
				},
				"arm_back_right_rotation": {
					"rotation": ["-30+Math.cos((query.anim_time) * 90 * 1 - 150) * -4", 0, 0]
				},
				"arm_back_right2": {
					"rotation": ["-17.5+Math.cos((query.anim_time) * 90 * 1 - 210) * -7", 0, 0]
				},
				"hand_back_right": {
					"rotation": ["-10+Math.cos((query.anim_time) * 90 * 1 - 270) * -8", 0, 0]
				},
				"cloud": {
					"rotation": ["5+Math.cos((query.anim_time) * 90 * 1 - 150) * 2", 0, 0]
				},
				"cloud_end": {
					"rotation": [-2.5, 0, 0]
				},
				"body_bottom": {
					"rotation": ["12.5+Math.cos((query.anim_time) * 90 * 1 - 150) * 4", 0, "0+Math.cos((query.anim_time) * 90 * 1/2 - 150) * 4"]
				},
				"body": {
					"rotation": ["0+Math.cos((query.anim_time) * 90 * 1 - 90) * 2", 0, "0+Math.cos((query.anim_time) * 90 * 1/2 - 90) * 2"],
					"position": [0, "16+Math.cos((query.anim_time) * 90 * 1) * -1", 0]
				},
				"arm_front_left_rotation2": {
					"rotation": ["-5+ Math.cos((query.anim_time) * 180 * 1 - 150) * 4", 0, 0]
				},
				"arm_front_left4": {
					"rotation": ["17.5+Math.cos((query.anim_time) * 90 * 1 - 210) * 7", 0, 0]
				},
				"arm_front_left_rotation4": {
					"rotation": [" -10+Math.cos((query.anim_time) * 180 * 1 - 150) * 4", 0, 0]
				},
				"arm_front_left5": {
					"rotation": ["17.5+Math.cos((query.anim_time) * 180 * 1 - 210) * 7", 0, 0]
				},
				"hand_front_left3": {
					"rotation": ["10+Math.cos((query.anim_time) * 90 * 1 - 270) * 8", 0, 0]
				},
				"arm_front_right_rotation2": {
					"rotation": ["-5+Math.cos((query.anim_time) * 90 * 1 - 150) * 4", 0, 0]
				},
				"arm_front_right4": {
					"rotation": ["17.5+Math.cos((query.anim_time) * 90 * 1 - 210) * 7", 0, 0]
				},
				"arm_front_left_rotation3": {
					"rotation": [" Math.cos((query.anim_time) * 180 * 1 - 150) * 4", 0, 0]
				},
				"arm_front_left3": {
					"rotation": ["-Math.cos((query.anim_time) * 180 * 1 - 210) * 7", 0, 0]
				},
				"hand_front_left2": {
					"rotation": ["10+Math.cos((query.anim_time) * 180 * 1 - 270) * 8", 0, 0]
				},
				"arm_front_right_rotation3": {
					"rotation": [" Math.cos((query.anim_time) * 180 * 1 - 150) * 4", 0, 0]
				},
				"arm_front_right3": {
					"rotation": ["-Math.cos((query.anim_time) * 180* 1 - 210) * 7", 0, 0]
				},
				"hand_front_right2": {
					"rotation": ["10+Math.cos((query.anim_time) * 180 * 1 - 270) * 8", 0, 0]
				}
			}
		},
		"animation.drifblim_mega.air_idle": {
			"loop": true,
			"bones": {
				"arm_front_left_rotation": {
					"rotation": ["30+Math.cos((query.anim_time) * 90 * 1 - 150) * 4", 0, 0]
				},
				"arm_front_left2": {
					"rotation": ["17.5+Math.cos((query.anim_time) * 90 * 1 - 210) * 7", 0, 0]
				},
				"hand_front_left": {
					"rotation": ["10+Math.cos((query.anim_time) * 90 * 1 - 270) * 8", 0, 0]
				},
				"arm_back_left_rotation": {
					"rotation": ["-30+Math.cos((query.anim_time) * 90 * 1 - 150) * -4", 0, 0]
				},
				"arm_back_left2": {
					"rotation": ["-17.5+Math.cos((query.anim_time) * 90 * 1 - 210) * -7", 0, 0]
				},
				"hand_back_left": {
					"rotation": ["-10+Math.cos((query.anim_time) * 90 * 1 - 270) * -8", 0, 0]
				},
				"arm_front_right_rotation": {
					"rotation": ["30+Math.cos((query.anim_time) * 90 * 1 - 150) * 4", 0, 0]
				},
				"arm_front_right2": {
					"rotation": ["17.5+Math.cos((query.anim_time) * 90 * 1 - 210) * 7", 0, 0]
				},
				"hand_front_right": {
					"rotation": ["10+Math.cos((query.anim_time) * 90 * 1 - 270) * 8", 0, 0]
				},
				"arm_back_right_rotation": {
					"rotation": ["-30+Math.cos((query.anim_time) * 90 * 1 - 150) * -4", 0, 0]
				},
				"arm_back_right2": {
					"rotation": ["-17.5+Math.cos((query.anim_time) * 90 * 1 - 210) * -7", 0, 0]
				},
				"hand_back_right": {
					"rotation": ["-10+Math.cos((query.anim_time) * 90 * 1 - 270) * -8", 0, 0]
				},
				"cloud": {
					"rotation": ["5+Math.cos((query.anim_time) * 90 * 1 - 150) * 2", 0, 0]
				},
				"cloud_end": {
					"rotation": [-2.5, 0, 0]
				},
				"body_bottom": {
					"rotation": ["12.5+Math.cos((query.anim_time) * 90 * 1 - 150) * 4", 0, "0+Math.cos((query.anim_time) * 90 * 1/2 - 150) * 4"]
				},
				"body": {
					"rotation": ["0+Math.cos((query.anim_time) * 90 * 1 - 90) * 2", 0, "0+Math.cos((query.anim_time) * 90 * 1/2 - 90) * 2"],
					"position": [0, "16+Math.cos((query.anim_time) * 90 * 1) * -1", 0]
				},
				"arm_front_left_rotation2": {
					"rotation": ["-5+ Math.cos((query.anim_time) * 180 * 1 - 150) * 4", 0, 0]
				},
				"arm_front_left4": {
					"rotation": ["17.5+Math.cos((query.anim_time) * 90 * 1 - 210) * 7", 0, 0]
				},
				"arm_front_left_rotation4": {
					"rotation": [" -10+Math.cos((query.anim_time) * 180 * 1 - 150) * 4", 0, 0]
				},
				"arm_front_left5": {
					"rotation": ["17.5+Math.cos((query.anim_time) * 180 * 1 - 210) * 7", 0, 0]
				},
				"hand_front_left3": {
					"rotation": ["10+Math.cos((query.anim_time) * 90 * 1 - 270) * 8", 0, 0]
				},
				"arm_front_right_rotation2": {
					"rotation": ["-5+Math.cos((query.anim_time) * 90 * 1 - 150) * 4", 0, 0]
				},
				"arm_front_right4": {
					"rotation": ["17.5+Math.cos((query.anim_time) * 90 * 1 - 210) * 7", 0, 0]
				},
				"arm_front_left_rotation3": {
					"rotation": [" Math.cos((query.anim_time) * 180 * 1 - 150) * 4", 0, 0]
				},
				"arm_front_left3": {
					"rotation": ["-Math.cos((query.anim_time) * 180 * 1 - 210) * 7", 0, 0]
				},
				"hand_front_left2": {
					"rotation": ["10+Math.cos((query.anim_time) * 180 * 1 - 270) * 8", 0, 0]
				},
				"arm_front_right_rotation3": {
					"rotation": [" Math.cos((query.anim_time) * 180 * 1 - 150) * 4", 0, 0]
				},
				"arm_front_right3": {
					"rotation": ["-Math.cos((query.anim_time) * 180* 1 - 210) * 7", 0, 0]
				},
				"hand_front_right2": {
					"rotation": ["10+Math.cos((query.anim_time) * 180 * 1 - 270) * 8", 0, 0]
				}
			}
		},
		"animation.drifblim_mega.ground_walk": {
			"loop": true,
			"bones": {
				"body": {
					"rotation": ["10+Math.cos((query.anim_time) * 90 * 2 - 60) * -2", 0, 0],
					"position": [0, "17+Math.cos((query.anim_time) * 90 * 2) * 1", "-4+Math.cos((query.anim_time) * 90 * 2 - 170) * 2"]
				},
				"cloud": {
					"rotation": ["-5+Math.cos((query.anim_time) * 90 * 2 - 120) * -3", 0, 0]
				},
				"arm_front_left_rotation": {
					"rotation": ["37.5+Math.cos((query.anim_time) * 90 * 2 - 120) * -3", 20, -15]
				},
				"arm_front_left2": {
					"rotation": ["25+Math.cos((query.anim_time) * 90 * 2 - 180) * -6", 0, 0]
				},
				"hand_front_left": {
					"rotation": ["15+Math.cos((query.anim_time) * 180 * 1 - 270) * 8", 0, 0]
				},
				"arm_back_left_rotation": {
					"rotation": ["-40+Math.cos((query.anim_time) * 90 * 2 - 140) * -3", -37.5, -7.5]
				},
				"arm_back_left2": {
					"rotation": ["22.5+Math.cos((query.anim_time) * 90 * 2 - 200) * -6", 0, 0]
				},
				"hand_back_left": {
					"rotation": ["25+Math.cos((query.anim_time) * 90 * 2 - 260) * -10", 0, 0]
				},
				"arm_front_right_rotation": {
					"rotation": ["37.5+Math.cos((query.anim_time) * 90 * 2 - 120) * -3", -20, 15]
				},
				"arm_front_right2": {
					"rotation": ["25+Math.cos((query.anim_time) * 90 * 2 - 180) * -6", 0, 0]
				},
				"hand_front_right": {
					"rotation": ["15+Math.cos((query.anim_time) * 180 * 1 - 270) * 8", 0, 0]
				},
				"arm_back_right_rotation": {
					"rotation": ["-40+Math.cos((query.anim_time) * 90 * 2 - 140) * -3", 37.5, 7.5]
				},
				"arm_back_right2": {
					"rotation": ["22.5+Math.cos((query.anim_time) * 90 * 2 - 200) * -6", 0, 0]
				},
				"hand_back_right": {
					"rotation": ["25+Math.cos((query.anim_time) * 90 * 2 - 260) * -10", 0, 0]
				},
				"body_bottom": {
					"rotation": ["15+Math.cos((query.anim_time) * 90 * 2 - 120) * -4", 0, 0]
				},
				"arm_front_left_rotation2": {
					"rotation": ["5+ Math.cos((query.anim_time) * 180 * 1 - 150) * 4", 0, 0]
				},
				"arm_front_left_rotation4": {
					"rotation": ["5+ Math.cos((query.anim_time) * 180 * 1 - 150) * 4", 0, 0]
				},
				"arm_front_left5": {
					"rotation": ["5+ Math.cos((query.anim_time) * 180 * 1 - 150) * 4", 0, 0]
				},
				"hand_front_left3": {
					"rotation": ["15+Math.cos((query.anim_time) * 180 * 1 - 270) * 8", 0, 0]
				},
				"arm_front_right_rotation2": {
					"rotation": ["5+Math.cos((query.anim_time) * 180 * 1 - 150) * 4", 0, 0]
				},
				"arm_front_right4": {
					"rotation": ["20+Math.cos((query.anim_time) * 180 * 1 - 270) * 8", 0, 0]
				},
				"arm_front_left_rotation3": {
					"rotation": [" Math.cos((query.anim_time) * 180 * 1 - 150) * 4", 0, 0]
				},
				"arm_front_left3": {
					"rotation": ["-Math.cos((query.anim_time) * 180* 1 - 210) * 7", 0, 0]
				},
				"hand_front_left2": {
					"rotation": ["10+Math.cos((query.anim_time) * 180 * 1 - 270) * 8", 0, 0]
				},
				"arm_front_right_rotation3": {
					"rotation": [" Math.cos((query.anim_time) * 180 * 1 - 150) * 4", 0, 0]
				},
				"arm_front_right3": {
					"rotation": ["-Math.cos((query.anim_time) * 180* 1 - 210) * 7", 0, 0]
				},
				"hand_front_right2": {
					"rotation": ["10+Math.cos((query.anim_time) * 180 * 1 - 270) * 8", 0, 0]
				}
			}
		},
		"animation.drifblim_mega.air_fly": {
			"loop": true,
			"bones": {
				"body": {
					"rotation": ["10+Math.cos((query.anim_time) * 90 * 2 - 60) * -2", 0, 0],
					"position": [0, "17+Math.cos((query.anim_time) * 90 * 2) * 1", "-4+Math.cos((query.anim_time) * 90 * 2 - 170) * 2"]
				},
				"cloud": {
					"rotation": ["-5+Math.cos((query.anim_time) * 90 * 2 - 120) * -3", 0, 0]
				},
				"arm_front_left_rotation": {
					"rotation": ["37.5+Math.cos((query.anim_time) * 90 * 2 - 120) * -3", 20, -15]
				},
				"arm_front_left2": {
					"rotation": ["25+Math.cos((query.anim_time) * 90 * 2 - 180) * -6", 0, 0]
				},
				"hand_front_left": {
					"rotation": ["15+Math.cos((query.anim_time) * 180 * 1 - 270) * 8", 0, 0]
				},
				"arm_back_left_rotation": {
					"rotation": ["-40+Math.cos((query.anim_time) * 90 * 2 - 140) * -3", -37.5, -7.5]
				},
				"arm_back_left2": {
					"rotation": ["22.5+Math.cos((query.anim_time) * 90 * 2 - 200) * -6", 0, 0]
				},
				"hand_back_left": {
					"rotation": ["25+Math.cos((query.anim_time) * 90 * 2 - 260) * -10", 0, 0]
				},
				"arm_front_right_rotation": {
					"rotation": ["37.5+Math.cos((query.anim_time) * 90 * 2 - 120) * -3", -20, 15]
				},
				"arm_front_right2": {
					"rotation": ["25+Math.cos((query.anim_time) * 90 * 2 - 180) * -6", 0, 0]
				},
				"hand_front_right": {
					"rotation": ["15+Math.cos((query.anim_time) * 180 * 1 - 270) * 8", 0, 0]
				},
				"arm_back_right_rotation": {
					"rotation": ["-40+Math.cos((query.anim_time) * 90 * 2 - 140) * -3", 37.5, 7.5]
				},
				"arm_back_right2": {
					"rotation": ["22.5+Math.cos((query.anim_time) * 90 * 2 - 200) * -6", 0, 0]
				},
				"hand_back_right": {
					"rotation": ["25+Math.cos((query.anim_time) * 90 * 2 - 260) * -10", 0, 0]
				},
				"body_bottom": {
					"rotation": ["15+Math.cos((query.anim_time) * 90 * 2 - 120) * -4", 0, 0]
				},
				"arm_front_left_rotation2": {
					"rotation": ["5+ Math.cos((query.anim_time) * 180 * 1 - 150) * 4", 0, 0]
				},
				"arm_front_left_rotation4": {
					"rotation": ["5+ Math.cos((query.anim_time) * 180 * 1 - 150) * 4", 0, 0]
				},
				"arm_front_left5": {
					"rotation": ["5+ Math.cos((query.anim_time) * 180 * 1 - 150) * 4", 0, 0]
				},
				"hand_front_left3": {
					"rotation": ["15+Math.cos((query.anim_time) * 180 * 1 - 270) * 8", 0, 0]
				},
				"arm_front_right_rotation2": {
					"rotation": ["5+Math.cos((query.anim_time) * 180 * 1 - 150) * 4", 0, 0]
				},
				"arm_front_right4": {
					"rotation": ["20+Math.cos((query.anim_time) * 180 * 1 - 270) * 8", 0, 0]
				},
				"arm_front_left_rotation3": {
					"rotation": [" Math.cos((query.anim_time) * 180 * 1 - 150) * 4", 0, 0]
				},
				"arm_front_left3": {
					"rotation": ["-Math.cos((query.anim_time) * 180* 1 - 210) * 7", 0, 0]
				},
				"hand_front_left2": {
					"rotation": ["10+Math.cos((query.anim_time) * 180 * 1 - 270) * 8", 0, 0]
				},
				"arm_front_right_rotation3": {
					"rotation": [" Math.cos((query.anim_time) * 180 * 1 - 150) * 4", 0, 0]
				},
				"arm_front_right3": {
					"rotation": ["-Math.cos((query.anim_time) * 180* 1 - 210) * 7", 0, 0]
				},
				"hand_front_right2": {
					"rotation": ["10+Math.cos((query.anim_time) * 180 * 1 - 270) * 8", 0, 0]
				}
			}
		},
		"animation.drifblim_mega.ride_air_fly": {
			"loop": true,
			"bones": {
				"body": {
					"rotation": ["math.clamp((q.r.input_forward(10)*10)+q.r.velocity_forward,-10,10)", 0, "math.clamp((q.r.input_right(10)*-10)+q.r.velocity_right,-10,10)"],
					"position": ["q.r.input_right(10)*-2", 0, 0]
				},
				"waist_rotation": {
					"rotation": [0, 0, "math.clamp((q.r.input_right(10)*15)+q.r.velocity_right,-15.0,15.0)"]
				},
				"cloud": {
					"rotation": ["q.r.velocity_forward(0)*-15", 0, "q.r.velocity_right(0)*15"]
				},
				"arms": {
					"rotation": [0, 0, "q.r.input_right(10)*-10"]
				},
				"arm_front_left": {
					"rotation": [
						"q.r.input_forward(10)*10 + q.r.input_right(10)*-10",
						"math.clamp((q.r.input_forward(10)*-20),0,20) + math.clamp((q.r.input_right(10)*-20),-20,0)",
						0
					],
					"position": [0, "-math.clamp(q.r.input_right(10),-1,1)", 0]
				},
				"arm_front_left2": {
					"rotation": ["q.r.input_forward(10)*10 + q.r.input_right(10)*-10", 0, 0]
				},
				"hand_front_left": {
					"rotation": ["q.r.input_forward(10)*10 + q.r.input_right(10)*-10", 0, 0]
				},
				"arm_back_left": {
					"rotation": [
						"q.r.input_forward(10)*10 + q.r.input_right(10)*10",
						"math.clamp((q.r.input_forward(10)*-20),-20,0) + math.clamp((q.r.input_right(10)*20),0,20)",
						0
					],
					"position": [0, "-math.clamp(q.r.input_right(10),-1,1)", 0]
				},
				"arm_back_left2": {
					"rotation": ["q.r.input_forward(10)*10 + q.r.input_right(10)*10", 0, 0]
				},
				"hand_back_left": {
					"rotation": ["q.r.input_forward(10)*10 + q.r.input_right(10)*10", 0, 0]
				},
				"arm_front_right": {
					"rotation": [
						"q.r.input_forward(10)*10 + q.r.input_right(10)*10",
						"-(math.clamp((q.r.input_forward(10)*-20),0,20) + math.clamp((q.r.input_right(10)*20),-20,0))",
						0
					],
					"position": [0, "math.clamp(q.r.input_right(10),-1,1)", 0]
				},
				"arm_front_right2": {
					"rotation": ["q.r.input_forward(10)*10 + q.r.input_right(10)*10", 0, 0]
				},
				"hand_front_right": {
					"rotation": ["q.r.input_forward(10)*10 + q.r.input_right(10)*10", 0, 0]
				},
				"arm_back_right": {
					"rotation": [
						"q.r.input_forward(10)*10 + q.r.input_right(10)*-10",
						"-(math.clamp((q.r.input_forward(10)*-20),-20,0) + math.clamp((q.r.input_right(10)*-20),0,20))",
						0
					],
					"position": [0, "math.clamp(q.r.input_right(10),-1,1)", 0]
				},
				"arm_back_right2": {
					"rotation": ["q.r.input_forward(10)*10 + q.r.input_right(10)*-10", 0, 0]
				},
				"hand_back_right": {
					"rotation": ["q.r.input_forward(10)*10 + q.r.input_right(10)*-10", 0, 0]
				}
			}
		},
		"animation.drifblim_mega.sleep": {
			"loop": true,
			"bones": {
				"body": {
					"rotation": [-22.5, -10, 15],
					"position": [0, "-6+Math.cos((query.anim_time) * 90 * 1) * 0.2", 0]
				},
				"waist_rotation": {
					"rotation": ["0+Math.cos((query.anim_time) * 90 * 1 - 90) * -0.5", 0, 0]
				},
				"head_scale": {
					"scale": "1+Math.cos((query.anim_time) * 90 * 1) * 0.01"
				},
				"eyelid_left": {
					"position": [0, 0, -0.125]
				},
				"eyelid_right": {
					"position": [0, 0, -0.125]
				},
				"cloud": {
					"rotation": ["0+Math.cos((query.anim_time) * 90 * 1 - 90) * -3", 0, 0],
					"position": [0, "0+Math.cos((query.anim_time) * 90 * 1) * 0.2", 0]
				},
				"arm_front_left_rotation": {
					"rotation": ["37.5+Math.cos((query.anim_time) * 90 * 1) * 1", 0, -27.5]
				},
				"arm_front_left2": {
					"rotation": ["-60+Math.cos((query.anim_time) * 90 * 1) * 1", 5, "-15+Math.cos((query.anim_time) * 90 * 1) * -1"]
				},
				"hand_front_left": {
					"rotation": ["-7.5+Math.cos((query.anim_time) * 90 * 1) * -2", "35+Math.cos((query.anim_time) * 90 * 1) * -2", 0],
					"position": [0, 0, 2.5]
				},
				"arm_back_left_rotation": {
					"rotation": ["35+Math.cos((query.anim_time) * 90 * 1) * -1", 0, 0]
				},
				"arm_back_left2": {
					"rotation": [22.5, -25, -5]
				},
				"hand_back_left": {
					"rotation": ["-2.5+Math.cos((query.anim_time) * 90 * 1) * 1", -25, 0],
					"position": [0, 0, -1.5]
				},
				"arm_front_right_rotation": {
					"rotation": ["27.5+Math.cos((query.anim_time) * 90 * 1) * 2", -47.5, -7.5]
				},
				"arm_front_right2": {
					"rotation": ["92.5+Math.cos((query.anim_time) * 90 * 1) * -1", 0, 0]
				},
				"hand_front_right": {
					"rotation": ["54+Math.cos((query.anim_time) * 90 * 1) * -1", -12.5, 2.5],
					"position": [0, 0, 0]
				},
				"arm_back_right_rotation": {
					"rotation": ["2.5+Math.cos((query.anim_time) * 90 * 1) * -1", 17.5, -22.5]
				},
				"arm_back_right2": {
					"rotation": [15, 0, 0]
				},
				"hand_back_right": {
					"rotation": ["17.5+Math.cos((query.anim_time) * 90 * 1) * 1", 22.5, 7.5],
					"position": [0, -0.5, -2.25]
				},
				"body_bottom": {
					"rotation": [-52.5, 17.5, 5],
					"position": [0, 0.5, 0]
				},
				"flap_front": {
					"rotation": [32.5, 0, 0]
				},
				"flap_back": {
					"rotation": [-45, 10, 0]
				}
			}
		},
		"animation.drifblim_mega.faint": {
			"animation_length": 3,
			"bones": {
				"body_rotation": {
					"rotation": {
						"0.0": [0, 0, 0],
						"0.2083": [0, 4.63, 0.89],
						"0.5": [0, 19.07, 5.71],
						"0.75": [0, 23.03, 8.06],
						"0.9583": [0, 25.5, 9.425],
						"1.25": [0, 27.975, 10.4],
						"1.3333": {"pre": [0, 27.975, 10.4], "post": [0, 27.5, 20]},
						"1.5": [0, 113.37, 17.5],
						"1.75": {
							"pre": [0, 239.235, 5],
							"post": [0, 239.235, 5],
							"lerp_mode": "catmullrom"
						},
						"1.9583": {
							"post": [0, 303.815, -7.5],
							"lerp_mode": "catmullrom"
						},
						"2.1667": {
							"post": [0, 348.55, -5],
							"lerp_mode": "catmullrom"
						},
						"2.4167": [0, 360, -1.825]
					}
				},
				"eye_left": {
					"scale": {
						"1.25": [1, 1, 1],
						"1.2917": [1.8, 1.8, 1.8],
						"1.375": {"pre": [1.8, 1.8, 1.8], "post": [1, 1, 1]}
					}
				},
				"eyelid_left": {
					"position": {
						"0.0": [0, 0, -0.1],
						"0.125": {"pre": [0, 0, -0.1], "post": [0, 0, 0]},
						"1.375": {"pre": [0, 0, 0], "post": [0, 0, -0.1]},
						"1.875": {"pre": [0, 0, -0.1], "post": [0, 0, -0.175]}
					}
				},
				"eye_right": {
					"scale": {
						"1.25": [1, 1, 1],
						"1.2917": [1.8, 1.8, 1.8],
						"1.375": {"pre": [1.8, 1.8, 1.8], "post": [1, 1, 1]}
					}
				},
				"eyelid_right": {
					"position": {
						"0.0": [0, 0, -0.1],
						"0.125": {"pre": [0, 0, -0.1], "post": [0, 0, 0]},
						"1.375": {"pre": [0, 0, 0], "post": [0, 0, -0.1]},
						"1.875": {"pre": [0, 0, -0.1], "post": [0, 0, -0.175]}
					}
				},
				"mouth": {
					"position": {
						"1.375": [0, 0, 0],
						"1.4167": [0, 0, -0.3]
					},
					"scale": {
						"1.2917": [1, 1, 1],
						"1.3333": {"pre": [1, 1, 1], "post": [1, 1.2, 1]},
						"1.4167": [2.2, 1, 2.1],
						"1.5833": [2.6, 0.9, 2.1],
						"1.9167": [2.6, 0.9, 2.1],
						"1.9583": [1.9192, 0.8952, 2.1],
						"2.125": {
							"pre": [2.1, 0.9, 2.1],
							"post": [2.1, 0.9, 2.1],
							"lerp_mode": "catmullrom"
						},
						"2.2917": {
							"post": [1.9, 1.2, 2.1],
							"lerp_mode": "catmullrom"
						},
						"2.5": [1.7, 1.2, 2.1]
					}
				},
				"mouth_open": {
					"position": {
						"0.0": [0, 0, 0],
						"1.2917": {"pre": [0, 0, 0], "post": [0, 0, -0.2]},
						"2.0": {"pre": [0, 0, -0.2], "post": [0, 0, 0]}
					}
				},
				"arm_front_left_rotation": {
					"rotation": {
						"0.0": [22.5, 0, 0],
						"0.3333": {
							"pre": [17.17, -15, -5],
							"post": [17.17, -15, -5],
							"lerp_mode": "catmullrom"
						},
						"0.875": {
							"post": [3.83, -1.36, -0.45],
							"lerp_mode": "catmullrom"
						},
						"1.25": [2.5, 0, 0],
						"1.2917": [15, 0, 0],
						"1.5": [15, -10, 0],
						"1.75": [-10, -10, 0],
						"1.875": [-40, -10, 0],
						"1.9583": [-55, -10, 0],
						"2.0417": {
							"pre": [-25, -10, -29.25],
							"post": [-25, -10, -29.25],
							"lerp_mode": "catmullrom"
						},
						"2.25": {
							"post": [41.54681, 19.30188, -11.51068],
							"lerp_mode": "catmullrom"
						},
						"2.5417": {
							"post": [81.26592, 32.53021, 5.06873],
							"lerp_mode": "catmullrom"
						},
						"2.875": [82.27, 32.53, 5.07]
					},
					"position": {
						"1.3333": [0, 0, 0],
						"1.4167": [0, -7, 5],
						"2.0417": [0, -7, 5],
						"2.25": [3, -7, 6],
						"2.5417": [4, -7, 6],
						"2.7917": [4.25, -7, 6]
					}
				},
				"arm_front_left2": {
					"rotation": {
						"0.0": [17.5, 0, 0],
						"0.5417": {
							"pre": [33.39, -5, 0],
							"post": [33.39, -5, 0],
							"lerp_mode": "catmullrom"
						},
						"0.9167": {
							"post": [43.17, 0, 0],
							"lerp_mode": "catmullrom"
						},
						"1.25": [45, 0, 0],
						"1.2917": [0, 0, 0],
						"1.5417": [0, -32.5, 0],
						"1.8333": [-35, -32.5, 0],
						"2.0": [-26.43, -20, 0],
						"2.125": [-2.5, -20, 0],
						"2.375": {
							"pre": [-6.25, 7.5, 0],
							"post": [-6.25, 7.5, 0],
							"lerp_mode": "catmullrom"
						},
						"2.5417": {
							"post": [-9.05, 7.875, -11.5],
							"lerp_mode": "catmullrom"
						},
						"2.7083": [-10, 7.5, -13.5]
					}
				},
				"hand_front_left": {
					"rotation": {
						"0.0": [15, 0, 0],
						"0.625": {
							"pre": [36.67, -12.5, 0],
							"post": [36.67, -12.5, 0],
							"lerp_mode": "catmullrom"
						},
						"1.0": {
							"post": [50, 0, 0],
							"lerp_mode": "catmullrom"
						},
						"1.25": [52.5, 0, 0],
						"1.2917": [-5, 0, 0],
						"1.6667": [-5, -30, 0],
						"1.9167": [-50, -30, 0],
						"2.1667": [-45, 0, 0],
						"2.5417": [-11.25, 3.75, 0],
						"2.6667": [-10, 5, 0],
						"2.8333": [-5, 5, 0]
					}
				},
				"arm_back_left_rotation": {
					"rotation": {
						"0.0": [-22.5, 0, 0],
						"0.3333": {
							"pre": [-17.17, -15, 5],
							"post": [-17.17, -15, 5],
							"lerp_mode": "catmullrom"
						},
						"0.875": {
							"post": [-3.83, -1.36, 0.45],
							"lerp_mode": "catmullrom"
						},
						"1.25": [-2.5, 0, 0],
						"1.2917": [-15, 0, 0],
						"1.6667": [12.5, -10, 0],
						"1.9583": {
							"pre": [65, -10, 0],
							"post": [65, -10, 0],
							"lerp_mode": "catmullrom"
						},
						"2.1667": {
							"post": [91.95, -27.99, 23.04],
							"lerp_mode": "catmullrom"
						},
						"2.3333": {
							"post": [86.12455, -24.28974, 51.64959],
							"lerp_mode": "catmullrom"
						},
						"2.5417": [81.07903, -16.47691, 61.95875],
						"2.7083": [80.27366, -14.82195, 63.88189]
					},
					"position": {
						"1.3333": [0, 0, 0],
						"1.4167": [0, -7, -5],
						"1.9583": [0, -7, -7],
						"2.0": {
							"pre": [2, -3, -8.5],
							"post": [2, -3, -8.5],
							"lerp_mode": "catmullrom"
						},
						"2.0833": {
							"post": [5.33, -0.33, -10.33],
							"lerp_mode": "catmullrom"
						},
						"2.25": [3, -7, -8],
						"2.5417": [4, -7, -7],
						"2.7917": [4.25, -7, -7]
					}
				},
				"arm_back_left2": {
					"rotation": {
						"0.0": [-17.5, 0, 0],
						"0.5417": {
							"pre": [-33.39, -5, 0],
							"post": [-33.39, -5, 0],
							"lerp_mode": "catmullrom"
						},
						"0.9167": {
							"post": [-43.17, 0, 0],
							"lerp_mode": "catmullrom"
						},
						"1.25": [-45, 0, 0],
						"1.2917": [0, 0, 0],
						"1.5417": [0, -27.5, 0],
						"1.875": [30, -27.5, 0],
						"2.0417": [0, -27.5, 0],
						"2.25": {
							"pre": [0.63, -15.48, 1.42],
							"post": [0.63, -15.48, 1.42],
							"lerp_mode": "catmullrom"
						},
						"2.4167": {
							"post": [-5, -5.5, 3],
							"lerp_mode": "catmullrom"
						},
						"2.625": {
							"post": [-6.75, 1.9, 7.25],
							"lerp_mode": "catmullrom"
						},
						"2.8333": [-7.5, 4, 10]
					}
				},
				"hand_back_left": {
					"rotation": {
						"0.0": [-15, 0, 0],
						"0.625": {
							"pre": [-36.67, -12.5, 0],
							"post": [-36.67, -12.5, 0],
							"lerp_mode": "catmullrom"
						},
						"1.0": {
							"post": [-50, 0, 0],
							"lerp_mode": "catmullrom"
						},
						"1.25": [-52.5, 0, 0],
						"1.2917": [5, 0, 0],
						"1.5833": [5, -30, 0],
						"1.9167": [45, -30, 0],
						"2.125": [-10, -22.5, 0],
						"2.25": {
							"pre": [2.5, -22.5, 0],
							"post": [2.5, -22.5, 0],
							"lerp_mode": "catmullrom"
						},
						"2.5833": {
							"post": [4.62, 5, -2.45],
							"lerp_mode": "catmullrom"
						},
						"2.7917": [5, 10, -3]
					}
				},
				"arm_front_right_rotation": {
					"rotation": {
						"0.0": [22.5, 0, 0],
						"0.3333": {
							"pre": [17.17, -15, -5],
							"post": [17.17, -15, -5],
							"lerp_mode": "catmullrom"
						},
						"0.875": {
							"post": [3.83, -1.36, -0.45],
							"lerp_mode": "catmullrom"
						},
						"1.25": [2.5, 0, 0],
						"1.2917": [15, 0, 0],
						"1.5": [15, -10, 0],
						"1.75": [-10, -10, 0],
						"1.875": [-40, -10, 0],
						"1.9583": [-55, -10, 0],
						"2.0417": {
							"pre": [15, -10, -29.25],
							"post": [15, -10, -29.25],
							"lerp_mode": "catmullrom"
						},
						"2.1667": {
							"post": [54.25, -21.45, -7.62],
							"lerp_mode": "catmullrom"
						},
						"2.375": {
							"post": [70.90809, -41.00338, 18.93209],
							"lerp_mode": "catmullrom"
						},
						"2.5417": [66.14769, -40.61679, 25.49595]
					},
					"position": {
						"1.3333": [0, 0, 0],
						"1.4167": [0, -7, 5],
						"2.0417": [0, -7, 5],
						"2.25": [-3, -7, 6],
						"2.5417": [-4, -7, 6],
						"2.7917": [-4.25, -7, 6]
					}
				},
				"arm_front_right2": {
					"rotation": {
						"0.0": [17.5, 0, 0],
						"0.5417": {
							"pre": [33.39, -5, 0],
							"post": [33.39, -5, 0],
							"lerp_mode": "catmullrom"
						},
						"0.9167": {
							"post": [43.17, 0, 0],
							"lerp_mode": "catmullrom"
						},
						"1.25": [45, 0, 0],
						"1.2917": [0, 0, 0],
						"1.5417": [0, -32.5, 0],
						"1.8333": [-35, -32.5, 0],
						"2.0": [-26.43, -20, 0],
						"2.125": {
							"pre": [-25, -20, 0],
							"post": [-25, -20, 0],
							"lerp_mode": "catmullrom"
						},
						"2.375": {
							"post": [-19.25, 19.25, 0],
							"lerp_mode": "catmullrom"
						},
						"2.5": [-17.5, 25.75, 0]
					}
				},
				"hand_front_right": {
					"rotation": {
						"0.0": [15, 0, 0],
						"0.625": {
							"pre": [36.67, -12.5, 0],
							"post": [36.67, -12.5, 0],
							"lerp_mode": "catmullrom"
						},
						"1.0": {
							"post": [50, 0, 0],
							"lerp_mode": "catmullrom"
						},
						"1.25": [52.5, 0, 0],
						"1.2917": [-5, 0, 0],
						"1.6667": [-5, -30, 0],
						"1.9167": [-50, -30, 0],
						"2.1667": {
							"pre": [-45, -23.75, 0],
							"post": [-45, -23.75, 0],
							"lerp_mode": "catmullrom"
						},
						"2.375": {
							"post": [-43.75, -20.42, 0],
							"lerp_mode": "catmullrom"
						},
						"2.5417": {
							"post": [-20, 12.75, 0],
							"lerp_mode": "catmullrom"
						},
						"2.6667": {
							"post": [-2.5, 20.25, -7.5],
							"lerp_mode": "catmullrom"
						},
						"2.8333": [-2.5, 20.25, -7.5]
					}
				},
				"arm_back_right_rotation": {
					"rotation": {
						"0.0": [-22.5, 0, 0],
						"0.3333": {
							"pre": [-17.17, -15, 5],
							"post": [-17.17, -15, 5],
							"lerp_mode": "catmullrom"
						},
						"0.875": {
							"post": [-3.83, -1.36, 0.45],
							"lerp_mode": "catmullrom"
						},
						"1.25": [-2.5, 0, 0],
						"1.2917": [-15, 0, 0],
						"1.6667": [12.5, -10, 0],
						"1.9583": {
							"pre": [65, -10, 0],
							"post": [65, -10, 0],
							"lerp_mode": "catmullrom"
						},
						"2.0417": {
							"post": [57.5, -10, -55],
							"lerp_mode": "catmullrom"
						},
						"2.2083": {
							"post": [70.09, 13.21, -64.53],
							"lerp_mode": "catmullrom"
						},
						"2.3333": {
							"post": [75, 30, -57.5],
							"lerp_mode": "catmullrom"
						},
						"2.625": [72.5, 35, -55]
					},
					"position": {
						"1.3333": [0, 0, 0],
						"1.4167": [0, -7, -5],
						"1.9583": {
							"pre": [0, -7, -7],
							"post": [0, -7, -7],
							"lerp_mode": "catmullrom"
						},
						"2.0": {
							"post": [-1.29, -5.08, -7.25],
							"lerp_mode": "catmullrom"
						},
						"2.0833": {
							"post": [-4.09, -5, -7.43],
							"lerp_mode": "catmullrom"
						},
						"2.25": {
							"post": [-2, -7, -8],
							"lerp_mode": "catmullrom"
						},
						"2.5417": [-4, -7, -7],
						"2.7917": [-4.25, -7, -7]
					}
				},
				"arm_back_right2": {
					"rotation": {
						"0.0": [-17.5, 0, 0],
						"0.5417": {
							"pre": [-33.39, -5, 0],
							"post": [-33.39, -5, 0],
							"lerp_mode": "catmullrom"
						},
						"0.9167": {
							"post": [-43.17, 0, 0],
							"lerp_mode": "catmullrom"
						},
						"1.25": [-45, 0, 0],
						"1.2917": [0, 0, 0],
						"1.5417": [0, -27.5, 0],
						"1.875": [30, -27.5, 0],
						"2.0833": {
							"pre": [-12.5, -27.5, 0],
							"post": [-12.5, -27.5, 0],
							"lerp_mode": "catmullrom"
						},
						"2.2083": {
							"post": [-0.47, -17.19, 0],
							"lerp_mode": "catmullrom"
						},
						"2.3333": {
							"post": [7.5, -5, 0],
							"lerp_mode": "catmullrom"
						},
						"2.6667": [12.5, 10, 0]
					}
				},
				"hand_back_right": {
					"rotation": {
						"0.0": [-15, 0, 0],
						"0.625": {
							"pre": [-36.67, -12.5, 0],
							"post": [-36.67, -12.5, 0],
							"lerp_mode": "catmullrom"
						},
						"1.0": {
							"post": [-50, 0, 0],
							"lerp_mode": "catmullrom"
						},
						"1.25": [-52.5, 0, 0],
						"1.2917": [5, 0, 0],
						"1.5833": [5, -30, 0],
						"1.9167": [45, -30, 0],
						"2.0417": [30, -15, 0],
						"2.25": [0, 0, 0],
						"2.75": [0, 15, 0]
					}
				},
				"cloud": {
					"rotation": {
						"0.0": [0, 0, 0],
						"2.0": [0, 0, 0],
						"2.1667": {
							"pre": [32.5, 0, 0],
							"post": [32.5, 0, 0],
							"lerp_mode": "catmullrom"
						},
						"2.4583": {
							"post": [5.22, 0, 0],
							"lerp_mode": "catmullrom"
						},
						"2.5833": [0, 0, 0]
					},
					"position": {
						"0.0": [0, 0, 0],
						"0.3333": [0, 5, 0],
						"0.6667": [0, "7+Math.cos((query.anim_time) * 90 * 36) * 0.5", 0],
						"1.25": [0, "12.25+Math.cos((query.anim_time) * 90 * 36) * 1", 0],
						"1.2917": [0, 26.5, 0],
						"1.3333": {
							"pre": [0, 16.5, 0],
							"post": [0, 16.5, 0],
							"lerp_mode": "catmullrom"
						},
						"1.375": {
							"post": [0, 10.5, 0],
							"lerp_mode": "catmullrom"
						},
						"1.4583": [0, 7.5, 0],
						"1.9167": [0, 7.5, 0],
						"1.9583": [0, 3, 0],
						"2.0": [0, 2.5, 0],
						"2.1667": {
							"pre": [0, 3, -2],
							"post": [0, 3, -2],
							"lerp_mode": "catmullrom"
						},
						"2.3333": {
							"post": [0, 4.5, -1.82],
							"lerp_mode": "catmullrom"
						},
						"2.4583": {
							"post": [0, 5.5, 0.5],
							"lerp_mode": "catmullrom"
						},
						"2.6667": [0, 5.5, 0.35]
					}
				},
				"body_bottom": {
					"rotation": {
						"1.9167": [0, 0, 0],
						"2.0417": {
							"pre": [-35, 3.75, 0],
							"post": [-35, 3.75, 0],
							"lerp_mode": "catmullrom"
						},
						"2.1667": {
							"post": [-50, 7.5, 0],
							"lerp_mode": "catmullrom"
						},
						"2.3333": [-16, 1.25, 0],
						"2.4583": ["-3+Math.cos((query.anim_time) * 90 * 24) * 2", 0, 0],
						"2.9583": [0, 0, 0]
					}
				},
				"flap_front": {
					"rotation": {
						"1.7083": [0, 0, 0],
						"1.8333": [-62.5, 0, 0],
						"2.0833": ["-5+Math.cos((query.anim_time) * 90 * 24 - 90) * 5", 0, 0],
						"2.4583": ["36.5+Math.cos((query.anim_time) * 90 * 24 - 90) * 8", 0, 0],
						"2.8333": [45.075, -1, 0],
						"2.9167": [44, -1, 0]
					}
				},
				"flap_back": {
					"rotation": {
						"1.7083": [0, 0, 0],
						"1.8333": [62.5, 0, 0],
						"2.0833": ["5+Math.cos((query.anim_time) * 90 * 24 - 45) * -8", 0, 0],
						"2.4167": ["-32.5+Math.cos((query.anim_time) * 90 * 24 - 45) * -8", 0, 0],
						"2.875": [-25, 0, 0]
					}
				},
				"flap_left": {
					"rotation": {
						"1.7083": [0, 0, 0],
						"1.8333": [0, 0, -57.5],
						"2.0833": [0, 0, "0+Math.cos((query.anim_time) * 90 * 24 - 45) * -8"],
						"2.4583": [0, 0, "0+Math.cos((query.anim_time) * 90 * 24 - 45) * -8"],
						"2.8333": [0, 0, 0]
					}
				},
				"flap_right": {
					"rotation": {
						"1.7083": [0, 0, 0],
						"1.8333": [0, 0, 57.5],
						"2.0833": [0, 0, "0+Math.cos((query.anim_time) * 90 * 24 - 45) * 8"],
						"2.4583": [0, 0, "0+Math.cos((query.anim_time) * 90 * 24 - 45) * 8"],
						"2.8333": [0, 0, 0]
					}
				},
				"head_scale": {
					"scale": {
						"0.0": [1, 1, 1],
						"0.3333": [1.1815, 1.1815, 1.1815],
						"0.6667": [
							"1.2889+Math.cos((query.anim_time) * 90 * 36) * 0.01",
							"1.2889+Math.cos((query.anim_time) * 90 * 36) * 0.01",
							"1.2889+Math.cos((query.anim_time) * 90 * 36) * 0.01"
						],
						"1.25": [
							"1.5+Math.cos((query.anim_time) * 90 * 36) * 0.04",
							"1.5+Math.cos((query.anim_time) * 90 * 36) * 0.04",
							"1.5+Math.cos((query.anim_time) * 90 * 36) * 0.04"
						],
						"1.2917": [2.4, 2.1, 2.5],
						"1.3333": {
							"pre": [1.7, 1.7, 1.8],
							"post": [1.7, 1.7, 1.8],
							"lerp_mode": "catmullrom"
						},
						"1.375": {
							"post": [0.7, 1.4, 0.7],
							"lerp_mode": "catmullrom"
						},
						"1.4583": [0.4, 1.3, 0.4],
						"1.9167": [0.4, 1.3, 0.4],
						"1.9583": [0.5944, 1.1016, 0.602],
						"2.125": {
							"pre": [0.58, 1.13, 0.3],
							"post": [0.58, 1.13, 0.3],
							"lerp_mode": "catmullrom"
						},
						"2.2917": {
							"post": [0.75, 1.2, 0.275],
							"lerp_mode": "catmullrom"
						},
						"2.5": {
							"post": [0.886, 1.1984, 0.2094],
							"lerp_mode": "catmullrom"
						},
						"2.7083": {
							"post": [0.9, 1.2, 0.2],
							"lerp_mode": "catmullrom"
						},
						"2.9583": [0.92, 1.2, 0.19]
					}
				},
				"eyelid_angry_left": {
					"position": {
						"0.0": [0, 0, 0],
						"0.125": {"pre": [0, 0, 0], "post": [0, 0, -0.1]},
						"1.375": {"pre": [0, 0, -0.1], "post": [0, 0, 0]}
					}
				},
				"eyelid_angry_right": {
					"position": {
						"0.0": [0, 0, 0],
						"0.125": {"pre": [0, 0, 0], "post": [0, 0, -0.1]},
						"1.375": {"pre": [0, 0, -0.1], "post": [0, 0, 0]}
					}
				},
				"body": {
					"rotation": {
						"1.625": [0, 0, 0],
						"1.9167": {
							"pre": [1.5, 0, 0],
							"post": [1.5, 0, 0],
							"lerp_mode": "catmullrom"
						},
						"2.0417": {
							"post": [-47.5, 0, 0],
							"lerp_mode": "catmullrom"
						},
						"2.25": {
							"post": [-85, 0, 0],
							"lerp_mode": "catmullrom"
						},
						"2.375": [-90, 0, 0]
					},
					"position": {
						"0.0": [0, 17.5, 0],
						"0.0833": [0, 17.915, 0],
						"0.5": [0, 26, 0],
						"0.7083": [0, 27.085, 0],
						"0.9583": [0, 27.5, 0],
						"1.25": [0, 27.625, 0],
						"1.2917": {
							"pre": [0, 30.63, 0],
							"post": [0, 30.63, 0],
							"lerp_mode": "catmullrom"
						},
						"1.3333": {
							"post": [0, 40.63, 0],
							"lerp_mode": "catmullrom"
						},
						"1.4583": {
							"post": [0, 64.355, 5],
							"lerp_mode": "catmullrom"
						},
						"1.625": {
							"post": [0, 69.38, 7.75],
							"lerp_mode": "catmullrom"
						},
						"1.7917": {
							"post": [0, 48.95, 10.75],
							"lerp_mode": "catmullrom"
						},
						"1.9583": {
							"post": [0, -1.62, 18.5],
							"lerp_mode": "catmullrom"
						},
						"2.0417": {
							"post": [0, -11.25, 19.25],
							"lerp_mode": "catmullrom"
						},
						"2.125": {
							"post": [0, -11.5, 20.75],
							"lerp_mode": "catmullrom"
						},
						"2.3333": [0, -11, 23.25],
						"2.5": [0, -11, 24.5]
					}
				},
				"waist_rotation": {
					"rotation": {
						"1.875": [0, 0, 0],
						"2.0": {
							"pre": [20, 0, -10],
							"post": [20, 0, -10],
							"lerp_mode": "catmullrom"
						},
						"2.125": {
							"post": [27.5, 0, 0],
							"lerp_mode": "catmullrom"
						},
						"2.2917": [15, 0, 0],
						"2.375": [0, 0, 0]
					}
				},
				"head_rotation": {
					"rotation": {
						"1.375": [0, 0, 0],
						"1.4583": [-7.5, 0, 10],
						"1.9167": [0, 0, 0],
						"2.1667": {
							"pre": [25, 0, 0],
							"post": [25, 0, 0],
							"lerp_mode": "catmullrom"
						},
						"2.375": {
							"post": [3.17, 0, 0],
							"lerp_mode": "catmullrom"
						},
						"2.4167": [0, 0, 0]
					}
				},
				"waist_scale": {
					"scale": {
						"0.0": [1, 1, 1],
						"0.3333": [1.1815, 1.1815, 1.1815],
						"0.6667": [
							"1.2889+Math.cos((query.anim_time) * 90 * 36) * 0.01",
							"1.2889+Math.cos((query.anim_time) * 90 * 36) * 0.01",
							"1.2889+Math.cos((query.anim_time) * 90 * 36) * 0.01"
						],
						"1.25": [
							"1.5+Math.cos((query.anim_time) * 90 * 36) * 0.04",
							"1.5+Math.cos((query.anim_time) * 90 * 36) * 0.04",
							"1.5+Math.cos((query.anim_time) * 90 * 36) * 0.04"
						],
						"1.2917": [2.4, 2.1, 2.5],
						"1.3333": {
							"pre": [1.7, 1.7, 1.8],
							"post": [1.7, 1.7, 1.8],
							"lerp_mode": "catmullrom"
						},
						"1.375": {
							"post": [0.7, 1.4, 0.7],
							"lerp_mode": "catmullrom"
						},
						"1.4583": [0.4, 1.3, 0.4],
						"1.9167": [0.4, 1.3, 0.4],
						"1.9583": [0.5944, 1.1016, 0.602],
						"2.125": {
							"pre": [0.58, 1.13, 0.3],
							"post": [0.58, 1.13, 0.3],
							"lerp_mode": "catmullrom"
						},
						"2.2917": {
							"post": [0.75, 1.2, 0.275],
							"lerp_mode": "catmullrom"
						},
						"2.5": {
							"post": [0.886, 1.1984, 0.2094],
							"lerp_mode": "catmullrom"
						},
						"2.7083": {
							"post": [0.9, 1.2, 0.2],
							"lerp_mode": "catmullrom"
						},
						"2.9583": [0.92, 1.2, 0.19]
					}
				},
				"gas_arms": {
					"scale": {
						"0.0": [1, 1, 1],
						"0.5": [0, 0, 0]
					}
				},
				"head_gas2": {
					"scale": {
						"0.0": [1, 1, 1],
						"0.25": [0, 0, 0]
					}
				}
			}
		},
		"animation.drifblim_mega.blink": {
			"animation_length": 0.1667,
			"bones": {
				"eyelid_left": {
					"position": {
						"0.0": [0, 0, -0.1],
						"0.125": [0, 0, -0.1],
						"0.1667": [0, 0, 0]
					}
				},
				"eyelid_right": {
					"position": {
						"0.0": [0, 0, -0.1],
						"0.125": [0, 0, -0.1],
						"0.1667": [0, 0, 0]
					}
				}
			}
		},
		"animation.drifblim_mega.cry": {
			"animation_length": 1.5417,
			"bones": {
				"body": {
					"rotation": {
						"0.0": [0, 0, 0],
						"0.2083": {
							"pre": [2, 0, 0],
							"post": [2, 0, 0],
							"lerp_mode": "catmullrom"
						},
						"0.5": {
							"post": [-5, 0, 0],
							"lerp_mode": "catmullrom"
						},
						"1.0833": {
							"post": [-4, 0, 0],
							"lerp_mode": "catmullrom"
						},
						"1.5417": [0, 0, 0]
					},
					"position": {
						"0.0": [0, 0, 0],
						"0.0833": {
							"pre": [0, -0.75, 0],
							"post": [0, -0.75, 0],
							"lerp_mode": "catmullrom"
						},
						"0.2917": {
							"post": [0, 2.75, 0],
							"lerp_mode": "catmullrom"
						},
						"0.5": {
							"post": [0, 3.75, 0],
							"lerp_mode": "catmullrom"
						},
						"0.9583": {
							"post": [0, 3.33, 0],
							"lerp_mode": "catmullrom"
						},
						"1.2917": {
							"post": [0, 0.58, 0],
							"lerp_mode": "catmullrom"
						},
						"1.5417": [0, 0, 0]
					}
				},
				"mouth_open": {
					"position": {
						"0.0": [0, 0, 0],
						"0.25": {"pre": [0, 0, 0], "post": [0, 0, -0.175]},
						"1.25": {"pre": [0, 0, -0.175], "post": [0, 0, 0]}
					}
				},
				"cloud": {
					"rotation": {
						"0.0": [0, 0, 0],
						"0.1667": {
							"pre": [-5, 0, 0],
							"post": [-5, 0, 0],
							"lerp_mode": "catmullrom"
						},
						"0.4167": {
							"post": [7, 0, 0],
							"lerp_mode": "catmullrom"
						},
						"1.0417": {
							"post": [-3.15, 0, 0],
							"lerp_mode": "catmullrom"
						},
						"1.1667": {
							"post": [-5.75, 0, 0],
							"lerp_mode": "catmullrom"
						},
						"1.4167": [0, 0, 0]
					}
				},
				"arm_front_left_rotation": {
					"rotation": {
						"0.0": [0, 0, 0],
						"0.125": {
							"pre": [0, 0, 0],
							"post": [0, 0, 0],
							"lerp_mode": "catmullrom"
						},
						"0.375": {
							"post": [6, 0, 0],
							"lerp_mode": "catmullrom"
						},
						"0.6667": {
							"post": [7, 0, 0],
							"lerp_mode": "catmullrom"
						},
						"1.0417": {
							"post": [5.75, 0, 0],
							"lerp_mode": "catmullrom"
						},
						"1.3333": [0.25, 0, 0],
						"1.5417": [0, 0, 0]
					}
				},
				"arm_front_left2": {
					"rotation": {
						"0.0": [0, 0, 0],
						"0.2917": {
							"pre": [0, 0, 0],
							"post": [0, 0, 0],
							"lerp_mode": "catmullrom"
						},
						"0.5833": {
							"post": [12.5, 0, 0],
							"lerp_mode": "catmullrom"
						},
						"1.0833": {
							"post": [12.5, 0, 0],
							"lerp_mode": "catmullrom"
						},
						"1.25": {
							"post": [5.75, 0, 0],
							"lerp_mode": "catmullrom"
						},
						"1.5417": [0, 0, 0]
					}
				},
				"arm_back_left_rotation": {
					"rotation": {
						"0.0": [0, 0, 0],
						"0.125": {
							"pre": [0, 0, 0],
							"post": [0, 0, 0],
							"lerp_mode": "catmullrom"
						},
						"0.375": {
							"post": [-6, 0, 0],
							"lerp_mode": "catmullrom"
						},
						"0.6667": {
							"post": [-7, 0, 0],
							"lerp_mode": "catmullrom"
						},
						"1.0417": {
							"post": [-5.75, 0, 0],
							"lerp_mode": "catmullrom"
						},
						"1.3333": [-0.25, 0, 0],
						"1.5417": [0, 0, 0]
					}
				},
				"arm_back_left2": {
					"rotation": {
						"0.0": [0, 0, 0],
						"0.2917": {
							"pre": [0, 0, 0],
							"post": [0, 0, 0],
							"lerp_mode": "catmullrom"
						},
						"0.5833": {
							"post": [-12.5, 0, 0],
							"lerp_mode": "catmullrom"
						},
						"1.0833": {
							"post": [-12.5, 0, 0],
							"lerp_mode": "catmullrom"
						},
						"1.25": {
							"post": [-5.75, 0, 0],
							"lerp_mode": "catmullrom"
						},
						"1.5417": [0, 0, 0]
					}
				},
				"arm_front_right_rotation": {
					"rotation": {
						"0.0": [0, 0, 0],
						"0.125": {
							"pre": [0, 0, 0],
							"post": [0, 0, 0],
							"lerp_mode": "catmullrom"
						},
						"0.375": {
							"post": [6, 0, 0],
							"lerp_mode": "catmullrom"
						},
						"0.6667": {
							"post": [7, 0, 0],
							"lerp_mode": "catmullrom"
						},
						"1.0417": {
							"post": [5.75, 0, 0],
							"lerp_mode": "catmullrom"
						},
						"1.3333": [0.25, 0, 0],
						"1.5417": [0, 0, 0]
					}
				},
				"arm_front_right2": {
					"rotation": {
						"0.0": [0, 0, 0],
						"0.2917": {
							"pre": [0, 0, 0],
							"post": [0, 0, 0],
							"lerp_mode": "catmullrom"
						},
						"0.5833": {
							"post": [12.5, 0, 0],
							"lerp_mode": "catmullrom"
						},
						"1.0833": {
							"post": [12.5, 0, 0],
							"lerp_mode": "catmullrom"
						},
						"1.25": {
							"post": [5.75, 0, 0],
							"lerp_mode": "catmullrom"
						},
						"1.5417": [0, 0, 0]
					}
				},
				"arm_back_right_rotation": {
					"rotation": {
						"0.0": [0, 0, 0],
						"0.125": {
							"pre": [0, 0, 0],
							"post": [0, 0, 0],
							"lerp_mode": "catmullrom"
						},
						"0.375": {
							"post": [-6, 0, 0],
							"lerp_mode": "catmullrom"
						},
						"0.6667": {
							"post": [-7, 0, 0],
							"lerp_mode": "catmullrom"
						},
						"1.0417": {
							"post": [-5.75, 0, 0],
							"lerp_mode": "catmullrom"
						},
						"1.3333": [-0.25, 0, 0],
						"1.5417": [0, 0, 0]
					}
				},
				"arm_back_right2": {
					"rotation": {
						"0.0": [0, 0, 0],
						"0.2917": {
							"pre": [0, 0, 0],
							"post": [0, 0, 0],
							"lerp_mode": "catmullrom"
						},
						"0.5833": {
							"post": [-12.5, 0, 0],
							"lerp_mode": "catmullrom"
						},
						"1.0833": {
							"post": [-12.5, 0, 0],
							"lerp_mode": "catmullrom"
						},
						"1.25": {
							"post": [-5.75, 0, 0],
							"lerp_mode": "catmullrom"
						},
						"1.5417": [0, 0, 0]
					}
				}
			},
			"sound_effects": {
				"0.2083": {
					"effect": "pokemon.drifblim.cry"
				}
			}
		}
	}
}