{"portraitScale":0.9,"portraitTranslation":[-0.35,1.8,0],"profileScale":0.4,"profileTranslation":[0,1.2,0],"rootBone":"drifblim_mega","firstPersonCameraOffset":{"seat_1":[0,0.45,0]},"thirdPersonCameraOffset":{"seat_1":[0,0.4,0],"seat_1_reverse":[0,0.4,0]},"thirdPersonCameraOffsetNoViewBobbing":{"seat_1":[0,0.4,0],"seat_1_reverse":[0,0.4,0]},"animations":{"faint":"q.bedrock_primary('drifblim_mega', 'faint', q.curve('one'))","cry":"q.bedrock_stateful('drifblim_mega', 'cry')"},"poses":{"portrait":{"poseTypes":["PORTRAIT","PROFILE"],"condition":"!q.is_ridden","isBattle":false,"animations":["q.look('waist_rotation', O.5, 0.5)","q.bedrock('drifblim_mega', 'ground_idle')"],"quirks":["q.bedrock_quirk('drifblim_mega', 'blink')"]},"hover":{"poseTypes":["HOVER","STAND","FLOAT","NONE"],"transformTicks":10,"condition":"!q.is_ridden","animations":["q.look('waist_rotation', 0.5, 0.5)","q.bedrock('drifblim_mega', 'air_idle')"],"quirks":["q.bedrock_quirk('drifblim_mega', 'blink')"]},"fly":{"poseTypes":["FLY","SWIM","WALK"],"transformTicks":10,"condition":"!q.is_ridden","animations":["q.look('waist_rotation', 0.5, 0.5)","q.bedrock('drifblim_mega', 'air_fly')"],"quirks":["q.bedrock_quirk('drifblim_mega', 'blink')"]},"ride-fly":{"poseTypes":["HOVER","STAND","FLOAT","NONE","FLY","SWIM","WALK"],"condition":"q.is_ridden && q.has_entity","transformTicks":10,"animations":["q.bedrock('drifblim_mega', 'air_idle')","q.bedrock('drifblim_mega', 'ride_air_fly')"],"quirks":["q.bedrock_quirk('drifblim_mega', 'blink')"]},"sleep":{"poseTypes":["SLEEP"],"animations":["q.bedrock('drifblim', 'sleep')"],"namedAnimations":{"cry":"q.bedrock_stateful('dummy', 'cry')"}}}}