{
    "enabled": "true",
    "neededInstalledMods": [],
    "neededUninstalledMods": [],
    "spawns": [
        {
            "id": "swadloon-1",
            "pokemon": "swadloon",
            "presets": [
                "natural",
                "wild"
            ],
            "type": "pokemon",
            "context": "grounded",
            "bucket": "uncommon",
            "level": "22-37",
            "weight": 4.0,
            "condition": {
                "biomes": [
                    "#cobblemon:is_forest"
                ],
                "timeRange": "day"
            }
        }
    ]
}