{
    "enabled": true,
    "neededInstalledMods": [],
    "neededUninstalledMods": [],
    "spawns": [
        {
            "id": "darumaka-1",
            "pokemon": "darumaka",
            "presets": [
                "natural"
            ],
            "type": "pokemon",
            "context": "grounded",
            "bucket": "common",
            "level": "7-32",
            "weight": 8.0,
            "condition": {
                "minSkyLight": 8,
                "maxSkyLight": 15,
                "biomes": [
                    "#cobblemon:is_desert",
                    "#cobblemon:is_jungle"
                ],
                "structures": [
                    "#cobblemon:ruin"
                ]
            }
        },
        {
            "id": "darumaka-2",
            "pokemon": "darumaka",
            "presets": [
                "natural",
                "desert_pyramid"
            ],
            "type": "pokemon",
            "context": "grounded",
            "bucket": "common",
            "level": "7-32",
            "weight": 8.0,
            "condition": {
                "minSkyLight": 8,
                "maxSkyLight": 15,
                "biomes": [
                    "#cobblemon:is_desert"
                ]
            }
        },
        {
            "id": "darumaka-3",
            "pokemon": "darumaka",
            "presets": [
                "natural",
                "jungle_pyramid"
            ],
            "type": "pokemon",
            "context": "grounded",
            "bucket": "common",
            "level": "7-32",
            "weight": 8.0,
            "condition": {
                "minSkyLight": 8,
                "maxSkyLight": 15,
                "biomes": [
                    "#cobblemon:is_jungle"
                ]
            }
        },
        {
            "id": "darumaka-4",
            "pokemon": "darumaka galarian",
            "presets": [
                "natural"
                ],
            "type": "pokemon",
            "context": "grounded",
            "bucket": "uncommon",
            "level": "15-34",
            "weight": 4.0,
            "condition": {
                "canSeeSky": true,
                "biomes": [
                "#cobblemon:is_freezing",
                "#cobblemon:is_cold"
                ]
            }
        }
    ]
}