{
    "enabled": true,
    "neededInstalledMods": [],
    "neededUninstalledMods": [],
    "spawns": [
        {
            "id": "yamask-1",
            "pokemon": "yamask",
            "presets": [
                "natural"
            ],
            "type": "pokemon",
            "context": "grounded",
            "bucket": "uncommon",
            "level": "5-30",
            "weight": 1.68,
            "condition": {
                "minSkyLight": 0,
                "maxSkyLight": 7,
                "biomes": [
                    "#cobblemon:is_desert"
                ],
                "minY": 0
            },
            "anticondition": {
                "biomes": [
                    "#cobblemon:is_deep_dark"
                ]
            }
        },
        {
            "id": "yamask-2",
            "pokemon": "yamask",
            "presets": [
                "natural",
                "desert_pyramid"
            ],
            "type": "pokemon",
            "context": "grounded",
            "bucket": "common",
            "level": "5-30",
            "weight": 90.0,
            "condition": {
                "canSeeSky": false,
                "biomes": [
                    "#cobblemon:is_overworld"
                ],
                "minY": 48
            }
        },
        {
            "id": "yamask-3",
            "pokemon": "yamask galarian=true",
            "presets": [
                "underground"
            ],
            "type": "pokemon",
            "context": "grounded",
            "bucket": "uncommon",
            "level": "10-33",
            "weight": 1.5,
            "condition": {
                "maxLight": 7,
                "neededNearbyBlocks": [
                    "minecraft:stone_bricks",
                    "minecraft:cracked_stone_bricks",
                    "minecraft:mossy_stone_bricks"
                ],
                "neededBaseBlocks": [
                    "minecraft:stone_bricks"
                ],
                "maxY": 60
            }
        },
        {
            "id": "yamask-4",
            "pokemon": "yamask galarian=true",
            "presets": [
                "ruins"
            ],
            "type": "pokemon",
            "context": "grounded",
            "bucket": "rare",
            "level": "10-33",
            "weight": 1.0,
            "condition": {
                "timeRange": "night",
		        "biomes": [
                    "minecraft:desert"
                ]
            }
        }
    ]
}