{
    "enabled": true,
    "neededInstalledMods": [],
    "neededUninstalledMods": [],
    "spawns": [
        {
            "id": "pawniard-1",
            "pokemon": "pawniard",
            "presets": [
                "natural"
            ],
            "type": "pokemon",
            "context": "grounded",
            "bucket": "rare",
            "level": "14-38",
            "weight": 9.5,
            "condition": {
                "biomes": [
                    "minecraft:bamboo_jungle"
                ]
            }
        }
    ]
}