{
   "enabled": true,
   "neededInstalledMods": [],
   "neededUninstalledMods": [],
   "spawns": [
       {
           "id": "bisharp-1",
           "pokemon": "bisharp",
           "presets": [
               "natural"
           ],
           "type": "pokemon",
           "context": "grounded",
           "bucket": "rare",
           "level": "42-74",
           "weight": 9.0,
           "condition": {
               "biomes": [
                   "minecraft:bamboo_jungle"
               ]
           }
       }
   ]
}