{
    "enabled": true,
    "neededInstalledMods": [],
    "neededUninstalledMods": [],
    "spawns": [
      {
        "id": "pyroar-1",
        "pokemon": "pyroar",
        "presets": [                
            "natural"
        ],
        "type": "pokemon",
        "context": "grounded",
        "bucket": "uncommon",
        "level": "20-55",
        "weight": 8.0,
        "condition": {
            "canSeeSky": true,
            "biomes": [
                "#cobblemon:is_badlands",
                "#cobblemon:is_savanna",
                "#cobblemon:is_jungle"
            ]
        }

      }
    ]
}