{
    "enabled": true,
    "neededInstalledMods": [],
    "neededUninstalledMods": [],
    "spawns": [
        {
            "id": "lycanroc-1",
            "pokemon": "lycanroc",
            "type": "pokemon",
            "context": "grounded",
            "bucket": "uncommon",
            "level": "33-42",
            "weight": 1.5,
            "condition": {
                "timeRange": "day",
                "canSeeSky": true,
                "biomes": [
                    "#cobblemon:is_mountain",
                    "#cobblemon:is_hills"
                ]
            }
        },
        {
            "id": "lycanroc-2",
            "pokemon": "lycanroc wolf_form=midnight",
            "type": "pokemon",
            "context": "grounded",
            "bucket": "uncommon",
            "level": "47-58",
            "weight": 1.7,
            "condition": {
                "timeRange": "night",
                "canSeeSky": true,
                "biomes": [
                    "#cobblemon:is_mountain",
                    "#cobblemon:is_hills"
                ]
            }
        },
        {
            "id": "lycanroc-3",
            "pokemon": "lycanroc wolf_form=dusk",
            "type": "pokemon",
            "context": "grounded",
            "bucket": "uncommon",
            "level": "37-48",
            "weight": 2.5,
            "condition": {
                "timeRange": "11000-13500",
                "canSeeSky": true,
                "biomes": [
                    "#cobblemon:is_mountain",
                    "#cobblemon:is_hills"
                ]
            }
        }
    ]
}