{
    "enabled": true,
    "neededInstalledMods": [],
    "neededUninstalledMods": [],
    "spawns": [
        {
            "id": "frosmoth-1",
            "pokemon": "frosmoth",
            "presets": [
                "natural"
            ],
            "type": "pokemon",
            "context": "grounded",
            "bucket": "common",
            "level": "25-46",
            "weight": 1.0,
            "condition": {
                "timeRange": "night",
                "biomes": [
                    "#cobblemon:is_freezing"
                ]
            }
        }
    ]
}