{
    "enabled": true,
    "neededInstalledMods": [],
    "neededUninstalledMods": [],
    "spawns": [
        {
            "id": "pawmot-1",
            "pokemon": "pawmot",
            "presets": [
                "natural"
            ],
            "type": "pokemon",
            "context": "grounded",
            "bucket": "rare",
            "level": "30-45",
            "weight": 0.5,
            "canSeeSky": true,
            "condition": {
                "biomes": [
                    "#cobblemon:is_plains"
                ]
            }
        }
    ]
}
