{
    "enabled": true,
    "neededInstalledMods": [],
    "neededUninstalledMods": [],
    "spawns": [
        {
            "id": "greavard-1",
            "pokemon": "greavard",
            "presets": [
                "natural"
            ],
            "type": "pokemon",
            "context": "grounded",
            "bucket": "rare",
            "level": "3-29",
            "weight": 10,
            "condition": {
                "canSeeSky": true,
                "biomes": [
                    "minecraft:dark_forest"
                ],
                "timeRange": "night"
            }
      	}
	]
}