{
  "type": "minecraft:archaeology",
  "pools": [
    {
      "bonus_rolls": 0.0,
      "entries": [
        {
          "type": "minecraft:item",
          "name": "minecraft:copper_ingot",
          "weight": 10
        },
        {
          "type": "minecraft:item",
          "name": "minecraft:iron_ingot",
          "weight": 5
        },
        {
          "type": "minecraft:item",
          "name": "minecraft:gold_ingot",
          "weight": 1
        },
        {
          "type": "minecraft:item",
          "name": "mega_showdown:cornerstone_mask",
          "weight": 1
        },
        {
          "type": "minecraft:item",
          "name": "cobblemon:relic_coin",
          "weight": 15
        },
        {
          "type": "minecraft:item",
          "name": "mega_showdown:zygarde_cell",
          "weight": 2
        }
      ],
      "rolls": 1.0
    }
  ],
  "random_sequence": "cobblemon:ruins/common/gimmi_tower_lush"
}
