{
  "parent": "cobbleverse:pokemon/catch_jirachi",
  "display": {
    "title": {
      "translate": "advancements.cobbleverse.catch_jirachi_shiny"
    },
    "description": {
      "translate": "advancements.cobbleverse.catch_jirachi_shiny.description"
    },
    "icon": {
      "id": "lumymon:melodic_tape_vol_1"
    },
    "announce_to_chat": true,
    "show_toast": true,
    "hidden": true,
    "frame": "challenge"
  },
  "criteria": {
    "caught_jirachi_shiny": {
      "trigger": "cobblemon:aspects_collected",
      "conditions": {
        "pokemon": "cobblemon:jirachi",
        "aspects": ["shiny"]
      }
    }
  },
  "requirements": [
    [
      "caught_jirachi_shiny"
    ]
  ]
}