{
  "parent": "cobbleverse:pokemon/catch_regirock",
  "display": {
    "title": {
      "translate": "advancements.cobbleverse.catch_regirock_shiny"
    },
    "description": {
      "translate": "advancements.cobbleverse.catch_regirock_shiny.description"
    },
    "icon": {
      "id": "lumymon:rock_ore"
    },
    "announce_to_chat": true,
    "show_toast": true,
    "hidden": true,
    "frame": "challenge"
  },
  "criteria": {
    "caught_regirock_shiny": {
      "trigger": "cobblemon:aspects_collected",
      "conditions": {
        "pokemon": "cobblemon:regirock",
        "aspects": ["shiny"]
      }
    }
  },
  "requirements": [
    [
      "caught_regirock_shiny"
    ]
  ]
}