{
  "parent": "cobbleverse:trainer/hoenn/defeat_champion_rocco",
  "display": {
    "title": {
      "translate": "advancements.cobbleverse.catch_jirachi"
    },
    "description": {
      "translate": "advancements.cobbleverse.catch_jirachi.description"
    },
    "icon": {
      "id": "lumymon:melodic_tape_vol_1"
    },
    "announce_to_chat": true,
    "show_toast": true,
    "hidden": false,
    "frame": "goal"
  },
  "criteria": {
    "caught_jirachi": {
      "trigger": "cobblemon:aspects_collected",
      "conditions": {
        "pokemon": "cobblemon:jirachi",
        "aspects": ["mythical"]
      }
    }
  },
  "requirements": [
    [
      "caught_jirachi"
    ]
  ]
}