{
  "type": "minecraft:smithing_transform",
  "template": {
    "item": "cobblemon:spell_tag"
  },
  "base": {
    "item": "mega_showdown:mega_stone"
  },
  "addition": {
    "item": "cobblemon:fire_gem"
  },
  "result": {
    "id": "minecraft:paper",
    "components": {
      "minecraft:custom_model_data": 220002,
      "minecraft:item_name": "{\"translate\":\"item.name.cerulite\", \"italic\":false}",
      "minecraft:lore": [
        "{\"translate\":\"item.desc.cerulite\", \"color\":\"gray\", \"italic\":false}"
      ],
      "mega_showdown:registry_type_component": "mega",
      "mega_showdown:registry_location_component": "horret-fakemegas:cerulite"
    }
  }
}