{
  "type": "minecraft:smithing_transform",
  "template": {
    "item": "minecraft:sand"
  },
  "base": {
    "item": "mega_showdown:mega_stone"
  },
  "addition": {
    "item": "cobblemon:bug_gem"
  },
  "result": {
    "id": "minecraft:paper",
    "components": {
      "minecraft:custom_model_data": 220003,
      "minecraft:item_name": "{\"translate\":\"item.name.flygonite\", \"italic\":false}",
      "minecraft:lore": [
        "{\"translate\":\"item.desc.flygonite\", \"color\":\"gray\", \"italic\":false}"
      ],
      "mega_showdown:registry_type_component": "mega",
      "mega_showdown:registry_location_component": "horret-fakemegas:flygonite"
    }
  }
}