{
  "implemented": true,
"target": "cobblemon:delphox",
  "features": ["mega_evolution"],
  "forms": [
    {
      "name": "Mega",
      "primaryType": "fire",
      "secondaryType": "psychic",
      "pokedex": ["cobblemon.species.delphox-mega.desc"],
      "labels": ["gen6", "mega"],
      "aspects": ["mega"],
      "abilities": ["levitate","h:levitate"],
      "baseStats": {
        "hp": 75,
        "attack": 69,
        "defence": 72,
        "special_attack": 159,
        "special_defence": 125,
        "speed": 134
      },
    "moving": {
      "walk": {
        "walkSpeed": 0.55
      },
      "fly": {
        "canFly": true,
        "flySpeedHorizontal": 0.65
      }
    },
      "evolutions": [],
      "battleOnly": true,
             "hitbox": {
    "width": 1.5,
    "height": 3.8,
    "fixed": false
     }
    }
  ]
}
