{
  "target": "cobblemon:zygarde",
  "implemented": true,
  "evolutions": [],
  "features": ["mega_evolution", "complete-percent"],
  "forms": [
    {
      "name": "Mega",
      "pokedex": ["cobblemon.species.zygarde-mega.desc"],
      "abilities": ["aurabreak"],
      "labels": ["mega"],
      "aspects": ["mega", "complete-percent"],
      "battleOnly": true,
      "baseStats": {
        "hp": 216,
        "attack": 70,
        "defence": 91,
        "special_attack": 216,
        "special_defence": 85,
        "speed": 100
      },
      "evYield": {
        "hp": 1,
        "attack": 0,
        "defence": 0,
        "special_attack": 2,
        "special_defence": 0,
        "speed": 0
      },
      "evolutions": [],
      "catchRate": 45,
      "eggCycles": 40,
      "baseFriendship": 35,
      "baseScale": 1,
             "hitbox": {
    "width":3,
    "height": 12,
    "fixed": false
     }
    }
  ]
}
