{
  "species": "cobblemon:ceruledge",
  "order": 1,
  "variations": [
    {
      "aspects": ["mega"],
      "poser": "cobblemon:ceruledge_mega",
      "model": "cobblemon:ceruledge_mega.geo",
      "texture": {
          "frames": [
            "cobblemon:textures/pokemon/ceruledge_mega/ceruledge_mega1.png",
            "cobblemon:textures/pokemon/ceruledge_mega/ceruledge_mega2.png",
            "cobblemon:textures/pokemon/ceruledge_mega/ceruledge_mega3.png",
            "cobblemon:textures/pokemon/ceruledge_mega/ceruledge_mega4.png",
            "cobblemon:textures/pokemon/ceruledge_mega/ceruledge_mega5.png",
            "cobblemon:textures/pokemon/ceruledge_mega/ceruledge_mega6.png",
            "cobblemon:textures/pokemon/ceruledge_mega/ceruledge_mega7.png",
            "cobblemon:textures/pokemon/ceruledge_mega/ceruledge_mega8.png"
          ],
          "fps": 8,
          "loop": true
        },

      "layers": [
        {
          "name": "flame",
          "texture": {
            "frames": [
            "cobblemon:textures/pokemon/ceruledge_mega/ceruledge_mega_emissive1.png",
            "cobblemon:textures/pokemon/ceruledge_mega/ceruledge_mega_emissive2.png",
            "cobblemon:textures/pokemon/ceruledge_mega/ceruledge_mega_emissive3.png",
            "cobblemon:textures/pokemon/ceruledge_mega/ceruledge_mega_emissive4.png",
            "cobblemon:textures/pokemon/ceruledge_mega/ceruledge_mega_emissive5.png",
            "cobblemon:textures/pokemon/ceruledge_mega/ceruledge_mega_emissive6.png",
            "cobblemon:textures/pokemon/ceruledge_mega/ceruledge_mega_emissive7.png",
            "cobblemon:textures/pokemon/ceruledge_mega/ceruledge_mega_emissive8.png"
            ],
            "fps": 8,
            "loop": true
          },
          "emissive": true,
          "translucent": true
        }
      ]

      },
      {
      "aspects": ["mega","shiny"],
        "texture": {
          "frames": [
            "cobblemon:textures/pokemon/ceruledge_mega/ceruledge_mega_shiny1.png",
            "cobblemon:textures/pokemon/ceruledge_mega/ceruledge_mega_shiny2.png",
            "cobblemon:textures/pokemon/ceruledge_mega/ceruledge_mega_shiny3.png",
            "cobblemon:textures/pokemon/ceruledge_mega/ceruledge_mega_shiny4.png",
            "cobblemon:textures/pokemon/ceruledge_mega/ceruledge_mega_shiny5.png",
            "cobblemon:textures/pokemon/ceruledge_mega/ceruledge_mega_shiny6.png",
            "cobblemon:textures/pokemon/ceruledge_mega/ceruledge_mega_shiny7.png",
            "cobblemon:textures/pokemon/ceruledge_mega/ceruledge_mega_shiny8.png"
          ],
          "fps": 8,
          "loop": true
        },
      "layers": [
        {
          "name": "flame",
          "texture": {
            "frames": [
            "cobblemon:textures/pokemon/ceruledge_mega/ceruledge_mega_shiny_emissive1.png",
            "cobblemon:textures/pokemon/ceruledge_mega/ceruledge_mega_shiny_emissive2.png",
            "cobblemon:textures/pokemon/ceruledge_mega/ceruledge_mega_shiny_emissive3.png",
            "cobblemon:textures/pokemon/ceruledge_mega/ceruledge_mega_shiny_emissive4.png",
            "cobblemon:textures/pokemon/ceruledge_mega/ceruledge_mega_shiny_emissive5.png",
            "cobblemon:textures/pokemon/ceruledge_mega/ceruledge_mega_shiny_emissive6.png",
            "cobblemon:textures/pokemon/ceruledge_mega/ceruledge_mega_shiny_emissive7.png",
            "cobblemon:textures/pokemon/ceruledge_mega/ceruledge_mega_shiny_emissive8.png"
            ],
            "fps": 8,
            "loop": true
          },
          "emissive": true,
          "translucent": true
        }
      ]
    }

  ]
}
