{
    "implemented": true,
    "nationalPokedexNumber": 808,
    "name": "Meltan",
    "primaryType": "steel",
    "maleRatio": -1,
    "height": 2,
    "weight": 80,
    "pokedex": [
        "cobblemon.species.meltan.desc"
    ],
    "labels": [
        "gen7b",
        "mythical"
    ],
    "aspects": [],
    "abilities": [
        "magnetpull",
        "h:magnetpull"
    ],
    "eggGroups": [
        "undiscovered"
    ],
    "baseStats": {
        "hp": 46,
        "attack": 65,
        "defence": 65,
        "special_attack": 55,
        "special_defence": 35,
        "speed": 34
    },
    "evYield": {
        "hp": 0,
        "attack": 1,
        "defence": 0,
        "special_attack": 0,
        "special_defence": 0,
        "speed": 0
    },
    "baseExperienceYield": 150,
    "experienceGroup": "slow",
    "catchRate": 3,
    "eggCycles": 120,
    "baseFriendship": 0,
    "baseScale": 1,
    "hitbox": {
        "width": 1,
        "height": 1,
        "fixed": false
    },
    "moves": [
        "1:thundershock",
        "1:harden",
        "8:tailwhip",
        "16:headbutt",
        "24:thunderwave",
        "32:acidarmor",
        "40:flashcannon",
        "tm:endure",
        "tm:facade",
        "tm:flashcannon",
        "tm:gyroball",
        "tm:headbutt",
        "tm:irondefense",
        "tm:protect",
        "tm:rest",
        "tm:sleeptalk",
        "tm:steelbeam",
        "tm:substitute",
        "tm:terablast",
        "tm:thunderbolt",
        "tm:thunderwave",
        "tutor:flashcannon",
        "tutor:irondefense",
        "tutor:rest",
        "tutor:sleeptalk",
        "tutor:steelbeam",
        "tutor:thunderbolt",
        "legacy:round",
        "legacy:snore",
        "legacy:toxic"
    ],
    "evolutions": [],
    "behaviour": {
        "herd": {
            "maxSize": "9",
            "toleratedLeaders": [
                {
                    "pokemon": "meltan",
                    "tier": 1
                },
                {
                    "pokemon": "melmetal",
                    "tier": 2
                }
            ]
        },
        "resting": {
            "willSleepOnBed": true,
            "times": [
                "any"
            ],
            "drowsyChance": 0.0014,
            "rouseChance": 0.0042
        },
        "moving": {
            "swim": {
                "avoidsWater": true,
                "canSwimInWater": false
            }
        },
        "combat": {
            "willDefendOwner": true
        }
    }
}