{
    "implemented": true,
    "nationalPokedexNumber": 643,
    "name": "Reshiram",
    "primaryType": "dragon",
    "secondaryType": "fire",
    "maleRatio": -1,
    "height": 32,
    "weight": 3300,
    "pokedex": [
        "cobblemon.species.reshiram.desc"
    ],
    "labels": [
        "gen5",
        "legendary",
        "restricted"
    ],
    "aspects": [],
    "abilities": [
        "turboblaze",
        "h:turboblaze"
    ],
    "eggGroups": [
        "undiscovered"
    ],
    "baseStats": {
        "hp": 100,
        "attack": 120,
        "defence": 100,
        "special_attack": 150,
        "special_defence": 120,
        "speed": 90
    },
    "evYield": {
        "hp": 0,
        "attack": 0,
        "defence": 0,
        "special_attack": 3,
        "special_defence": 0,
        "speed": 0
    },
    "baseExperienceYield": 340,
    "experienceGroup": "slow",
    "catchRate": 3,
    "eggCycles": 120,
    "baseFriendship": 0,
    "baseScale": 1,
    "hitbox": {
        "width": 1,
        "height": 1,
        "fixed": false
    },
    "moves": [
        "1:firefang",
        "1:dragonrage",
        "1:ancientpower",
        "1:dragonbreath",
        "1:nobleroar",
        "8:slash",
        "16:crunch",
        "24:extrasensory",
        "32:dragonpulse",
        "40:flamethrower",
        "48:fusionflare",
        "56:hypervoice",
        "64:fireblast",
        "72:imprison",
        "80:outrage",
        "88:blueflare",
        "tm:ancientpower",
        "tm:bodypress",
        "tm:bodyslam",
        "tm:breakingswipe",
        "tm:brutalswing",
        "tm:crunch",
        "tm:cut",
        "tm:defog",
        "tm:doubleedge",
        "tm:dracometeor",
        "tm:dragoncheer",
        "tm:dragonclaw",
        "tm:dragondance",
        "tm:dragonpulse",
        "tm:dragontail",
        "tm:dualwingbeat",
        "tm:earthpower",
        "tm:echoedvoice",
        "tm:endure",
        "tm:facade",
        "tm:fireblast",
        "tm:firefang",
        "tm:firespin",
        "tm:flamecharge",
        "tm:flamethrower",
        "tm:flareblitz",
        "tm:fling",
        "tm:fly",
        "tm:focusblast",
        "tm:gigaimpact",
        "tm:heatcrash",
        "tm:heatwave",
        "tm:helpinghand",
        "tm:honeclaws",
        "tm:hyperbeam",
        "tm:hypervoice",
        "tm:imprison",
        "tm:incinerate",
        "tm:laserfocus",
        "tm:lightscreen",
        "tm:mysticalfire",
        "tm:outrage",
        "tm:overheat",
        "tm:payback",
        "tm:protect",
        "tm:psychic",
        "tm:raindance",
        "tm:reflect",
        "tm:rest",
        "tm:roar",
        "tm:rockslide",
        "tm:rocksmash",
        "tm:rocktomb",
        "tm:roost",
        "tm:safeguard",
        "tm:scaleshot",
        "tm:scaryface",
        "tm:scorchingsands",
        "tm:shadowball",
        "tm:shadowclaw",
        "tm:sleeptalk",
        "tm:solarbeam",
        "tm:steelwing",
        "tm:stoneedge",
        "tm:strength",
        "tm:substitute",
        "tm:sunnyday",
        "tm:swift",
        "tm:tailwind",
        "tm:takedown",
        "tm:terablast",
        "tm:weatherball",
        "tm:willowisp",
        "tm:zenheadbutt",
        "tutor:ancientpower",
        "tutor:defog",
        "tutor:dracometeor",
        "tutor:dragonpulse",
        "tutor:dualwingbeat",
        "tutor:earthpower",
        "tutor:firefang",
        "tutor:flamethrower",
        "tutor:gigaimpact",
        "tutor:heatwave",
        "tutor:helpinghand",
        "tutor:hyperbeam",
        "tutor:hypervoice",
        "tutor:laserfocus",
        "tutor:mysticalfire",
        "tutor:outrage",
        "tutor:psychic",
        "tutor:rest",
        "tutor:rockslide",
        "tutor:rocksmash",
        "tutor:roost",
        "tutor:scaleshot",
        "tutor:scorchingsands",
        "tutor:shadowball",
        "tutor:shadowclaw",
        "tutor:sleeptalk",
        "tutor:stoneedge",
        "tutor:swift",
        "tutor:tailwind",
        "tutor:zenheadbutt",
        "legacy:confide",
        "legacy:doubleteam",
        "legacy:frustration",
        "legacy:hiddenpower",
        "legacy:return",
        "legacy:round",
        "legacy:secretpower",
        "legacy:snore",
        "legacy:swagger",
        "legacy:toxic",
        "special:mist"
    ],
    "evolutions": [],
    "behaviour": {
        "moving": {
            "swim": {
                "avoidsWater": true,
                "canSwimInLava": true
            },
            "fly": {
                "canFly": true
            }
        },
        "combat": {
            "willDefendSelf": true,
            "willDefendOwner": true,
            "willFlee": false
        },
        "resting": {
            "drowsyChance": 0.0333,
            "rouseChance": 0.0042
        },
        "fireImmune": true
    },
    "drops": {
        "amount": 3,
        "entries": [
            {
                "item": "minecraft:dragon_breath",
                "quantityRange": "2-3"
            }
        ]
    }
}