{
    "implemented": true,
    "nationalPokedexNumber": 639,
    "name": "Terrakion",
    "primaryType": "rock",
    "secondaryType": "fighting",
    "maleRatio": -1,
    "height": 19,
    "weight": 2600,
    "pokedex": [
        "cobblemon.species.terrakion.desc"
    ],
    "labels": [
        "gen5",
        "legendary"
    ],
    "aspects": [],
    "abilities": [
        "justified",
        "h:justified"
    ],
    "eggGroups": [
        "undiscovered"
    ],
    "baseStats": {
        "hp": 91,
        "attack": 129,
        "defence": 90,
        "special_attack": 72,
        "special_defence": 90,
        "speed": 108
    },
    "evYield": {
        "hp": 0,
        "attack": 3,
        "defence": 0,
        "special_attack": 0,
        "special_defence": 0,
        "speed": 0
    },
    "baseExperienceYield": 290,
    "experienceGroup": "slow",
    "catchRate": 3,
    "eggCycles": 80,
    "baseFriendship": 35,
    "baseScale": 1,
    "hitbox": {
        "width": 1,
        "height": 1,
        "fixed": false
    },
    "drops": {
        "amount": 1,
        "entries": [
            {
                "item": "cobblemon:hard_stone"
            }
        ]
    },
    "moves": [
        "1:quickattack",
        "1:leer",
        "1:helpinghand",
        "1:workup",
        "7:smackdown",
        "14:quickguard",
        "21:doublekick",
        "28:retaliate",
        "35:rockslide",
        "42:takedown",
        "49:sacredsword",
        "56:swordsdance",
        "63:stoneedge",
        "70:closecombat",
        "tm:aerialace",
        "tm:airslash",
        "tm:aurasphere",
        "tm:block",
        "tm:bodyslam",
        "tm:brickbreak",
        "tm:bulldoze",
        "tm:calmmind",
        "tm:closecombat",
        "tm:coaching",
        "tm:cut",
        "tm:doubleedge",
        "tm:earthpower",
        "tm:earthquake",
        "tm:endure",
        "tm:facade",
        "tm:falseswipe",
        "tm:focusblast",
        "tm:gigaimpact",
        "tm:helpinghand",
        "tm:highhorsepower",
        "tm:hyperbeam",
        "tm:ironhead",
        "tm:laserfocus",
        "tm:megahorn",
        "tm:poisonjab",
        "tm:protect",
        "tm:psychup",
        "tm:reflect",
        "tm:rest",
        "tm:retaliate",
        "tm:revenge",
        "tm:reversal",
        "tm:roar",
        "tm:rockblast",
        "tm:rockpolish",
        "tm:rockslide",
        "tm:rocksmash",
        "tm:rocktomb",
        "tm:safeguard",
        "tm:sandstorm",
        "tm:scaryface",
        "tm:sleeptalk",
        "tm:smackdown",
        "tm:smartstrike",
        "tm:stealthrock",
        "tm:stompingtantrum",
        "tm:stoneedge",
        "tm:strength",
        "tm:substitute",
        "tm:superpower",
        "tm:swift",
        "tm:swordsdance",
        "tm:takedown",
        "tm:taunt",
        "tm:terablast",
        "tm:upperhand",
        "tm:workup",
        "tm:xscissor",
        "tm:zenheadbutt",
        "tutor:aerialace",
        "tutor:block",
        "tutor:bulldoze",
        "tutor:calmmind",
        "tutor:coaching",
        "tutor:earthpower",
        "tutor:falseswipe",
        "tutor:gigaimpact",
        "tutor:helpinghand",
        "tutor:highhorsepower",
        "tutor:hyperbeam",
        "tutor:ironhead",
        "tutor:laserfocus",
        "tutor:megahorn",
        "tutor:poisonjab",
        "tutor:rest",
        "tutor:rockslide",
        "tutor:rocksmash",
        "tutor:sleeptalk",
        "tutor:stealthrock",
        "tutor:stompingtantrum",
        "tutor:stoneedge",
        "tutor:superpower",
        "tutor:swift",
        "tutor:xscissor",
        "tutor:zenheadbutt",
        "legacy:confide",
        "legacy:doubleteam",
        "legacy:frustration",
        "legacy:hiddenpower",
        "legacy:return",
        "legacy:round",
        "legacy:secretpower",
        "legacy:snore",
        "legacy:swagger",
        "legacy:toxic"
    ],
    "evolutions": [],
    "behaviour": {
        "herd": {
            "maxSize": "4",
            "toleratedLeaders": [
                {
                    "pokemon": "cobalion",
                    "tier": 1
                },
                {
                    "pokemon": "terrakion",
                    "tier": 1
                },
                {
                    "pokemon": "virizion",
                    "tier": 1
                },
                {
                    "pokemon": "keldeo resolute",
                    "tier": 2
                }
            ]
        },
        "moving": {
            "swim": {
                "avoidsWater": true,
                "canSwimInLava": true
            }
        },
        "combat": {
            "willDefendSelf": true,
            "willDefendOwner": true,
            "willFlee": false
        },
        "resting": {
            "drowsyChance": 0.0333,
            "rouseChance": 0.0042
        },
        "fireImmune": true
    }
}