{
    "implemented": true,
    "nationalPokedexNumber": 535,
    "name": "Tympole",
    "primaryType": "water",
    "maleRatio": 0.5,
    "height": 5,
    "weight": 45,
    "pokedex": [
        "cobblemon.species.tympole.desc"
    ],
    "labels": [
        "gen5"
    ],
    "aspects": [],
    "abilities": [
        "swiftswim",
        "hydration",
        "h:waterabsorb"
    ],
    "eggGroups": [
        "water_1"
    ],
    "baseStats": {
        "hp": 50,
        "attack": 50,
        "defence": 40,
        "special_attack": 50,
        "special_defence": 40,
        "speed": 64
    },
    "evYield": {
        "hp": 0,
        "attack": 0,
        "defence": 0,
        "special_attack": 0,
        "special_defence": 0,
        "speed": 1
    },
    "baseExperienceYield": 59,
    "experienceGroup": "medium_slow",
    "catchRate": 255,
    "eggCycles": 20,
    "baseFriendship": 50,
    "baseScale": 1,
    "hitbox": {
        "width": 1,
        "height": 1,
        "fixed": false
    },
    "behaviour": {
        "moving": {
            "swim": {
                "canBreatheUnderwater": true,
                "swimSpeed": "0.2"
            },
            "walk": {
                "avoidsLand": true
            }
        },
        "herd": {
            "maxSize": "6",
            "toleratedLeaders": [
                {
                    "pokemon": "poliwag",
                    "tier": 1
                },
                {
                    "pokemon": "tympole",
                    "tier": 2
                },
                {
                    "pokemon": "poliwhirl",
                    "tier": 3
                },
                {
                    "pokemon": "palpitoad",
                    "tier": 4
                },
                {
                    "pokemon": "poliwrath",
                    "tier": 5
                },
                {
                    "pokemon": "politoed",
                    "tier": 6
                },
                {
                    "pokemon": "seismitoad",
                    "tier": 7
                }
            ]
        },
        "resting": {
            "willSleepOnBed": true,
            "times": [
                "day"
            ],
            "drowsyChance": 0.0033,
            "rouseChance": 0.0042
        },
        "combat": {
            "willDefendOwner": true
        }
    },
    "drops": {
        "amount": 2,
        "entries": [
            {
                "item": "minecraft:clay_ball",
                "quantityRange": "0-1"
            },
            {
                "item": "cobblemon:persim_berry",
                "percentage": 2.5
            }
        ]
    },
    "moves": [
        "1:bubble",
        "1:growl",
        "1:echoedvoice",
        "4:acid",
        "8:supersonic",
        "12:mudshot",
        "16:round",
        "20:bubblebeam",
        "24:flail",
        "28:uproar",
        "32:aquaring",
        "36:hypervoice",
        "40:muddywater",
        "44:raindance",
        "48:hydropump",
        "egg:mist",
        "egg:mudbomb",
        "egg:mudslap",
        "egg:mudsport",
        "egg:refresh",
        "egg:snore",
        "egg:toxic",
        "egg:waterpulse",
        "tm:afteryou",
        "tm:bounce",
        "tm:earthpower",
        "tm:echoedvoice",
        "tm:endeavor",
        "tm:endure",
        "tm:facade",
        "tm:hail",
        "tm:hydropump",
        "tm:hypervoice",
        "tm:icywind",
        "tm:infestation",
        "tm:muddywater",
        "tm:mudshot",
        "tm:mudslap",
        "tm:protect",
        "tm:raindance",
        "tm:rest",
        "tm:round",
        "tm:scald",
        "tm:screech",
        "tm:sleeptalk",
        "tm:sludgebomb",
        "tm:sludgewave",
        "tm:snore",
        "tm:substitute",
        "tm:surf",
        "tm:terablast",
        "tm:toxic",
        "tm:uproar",
        "tm:venomdrench",
        "tm:waterpulse",
        "tm:weatherball",
        "tutor:afteryou",
        "tutor:bounce",
        "tutor:earthpower",
        "tutor:endeavor",
        "tutor:hypervoice",
        "tutor:icywind",
        "tutor:mudslap",
        "tutor:rest",
        "tutor:sleeptalk",
        "tutor:sludgebomb",
        "tutor:snore",
        "tutor:uproar",
        "tutor:waterpulse",
        "legacy:attract",
        "legacy:confide",
        "legacy:doubleteam",
        "legacy:frustration",
        "legacy:hiddenpower",
        "legacy:return",
        "legacy:secretpower",
        "legacy:swagger"
    ],
    "evolutions": [
        {
            "id": "tympole_palpitoad",
            "variant": "level_up",
            "result": "palpitoad",
            "consumeHeldItem": false,
            "learnableMoves": [],
            "requirements": [
                {
                    "variant": "level",
                    "minLevel": 25
                }
            ]
        }
    ]
}