{
    "implemented": true,
    "nationalPokedexNumber": 629,
    "name": "Vullaby",
    "primaryType": "dark",
    "secondaryType": "flying",
    "maleRatio": 0,
    "height": 5,
    "weight": 90,
    "pokedex": [
        "cobblemon.species.vullaby.desc"
    ],
    "labels": [
        "gen5"
    ],
    "aspects": [],
    "abilities": [
        "bigpecks",
        "overcoat",
        "h:weakarmor"
    ],
    "eggGroups": [
        "flying"
    ],
    "baseStats": {
        "hp": 70,
        "attack": 55,
        "defence": 75,
        "special_attack": 45,
        "special_defence": 65,
        "speed": 60
    },
    "evYield": {
        "hp": 0,
        "attack": 0,
        "defence": 1,
        "special_attack": 0,
        "special_defence": 0,
        "speed": 0
    },
    "baseExperienceYield": 74,
    "experienceGroup": "slow",
    "catchRate": 190,
    "eggCycles": 20,
    "baseFriendship": 35,
    "baseScale": 1,
    "hitbox": {
        "width": 1,
        "height": 1,
        "fixed": false
    },
    "drops": {
        "amount": 4,
        "entries": [
            {
                "item": "minecraft:feather",
                "quantityRange": "0-1"
            },
            {
                "item": "minecraft:rotten_flesh",
                "quantityRange": "0-1"
            },
            {
                "item": "minecraft:chicken"
            },
            {
                "item": "cobblemon:bluk_berry",
                "percentage": 2.5
            }
        ]
    },
    "moves": [
        "1:gust",
        "1:leer",
        "1:furyattack",
        "6:flatter",
        "12:pluck",
        "18:tailwind",
        "24:knockoff",
        "30:irondefense",
        "36:whirlwind",
        "42:airslash",
        "48:darkpulse",
        "54:nastyplot",
        "60:defog",
        "66:attract",
        "72:bravebird",
        "egg:feintattack",
        "egg:meanlook",
        "egg:mirrormove",
        "egg:punishment",
        "egg:roost",
        "egg:toxic",
        "tm:aircutter",
        "tm:airslash",
        "tm:assurance",
        "tm:attract",
        "tm:block",
        "tm:bravebird",
        "tm:cut",
        "tm:darkpulse",
        "tm:defog",
        "tm:doubleedge",
        "tm:dualwingbeat",
        "tm:embargo",
        "tm:endure",
        "tm:facade",
        "tm:faketears",
        "tm:featherdance",
        "tm:fly",
        "tm:foulplay",
        "tm:heatwave",
        "tm:incinerate",
        "tm:irondefense",
        "tm:knockoff",
        "tm:lashout",
        "tm:nastyplot",
        "tm:payback",
        "tm:pluck",
        "tm:protect",
        "tm:psychup",
        "tm:raindance",
        "tm:rest",
        "tm:retaliate",
        "tm:rocksmash",
        "tm:rocktomb",
        "tm:roost",
        "tm:scaryface",
        "tm:shadowball",
        "tm:sleeptalk",
        "tm:snarl",
        "tm:snatch",
        "tm:spite",
        "tm:steelwing",
        "tm:substitute",
        "tm:sunnyday",
        "tm:swift",
        "tm:tailwind",
        "tm:takedown",
        "tm:taunt",
        "tm:terablast",
        "tm:thief",
        "tm:throatchop",
        "tm:torment",
        "tm:toxic",
        "tm:uproar",
        "tm:uturn",
        "tutor:aircutter",
        "tutor:block",
        "tutor:darkpulse",
        "tutor:defog",
        "tutor:dualwingbeat",
        "tutor:foulplay",
        "tutor:heatwave",
        "tutor:irondefense",
        "tutor:knockoff",
        "tutor:lashout",
        "tutor:rest",
        "tutor:rocksmash",
        "tutor:roost",
        "tutor:shadowball",
        "tutor:sleeptalk",
        "tutor:snarl",
        "tutor:snatch",
        "tutor:spite",
        "tutor:swift",
        "tutor:tailwind",
        "tutor:throatchop",
        "tutor:uproar",
        "legacy:aerialace",
        "legacy:confide",
        "legacy:doubleteam",
        "legacy:frustration",
        "legacy:hiddenpower",
        "legacy:return",
        "legacy:round",
        "legacy:secretpower",
        "legacy:snore",
        "legacy:swagger"
    ],
    "evolutions": [
        {
            "id": "vullaby_mandibuzz",
            "variant": "level_up",
            "result": "mandibuzz",
            "consumeHeldItem": false,
            "learnableMoves": [
                "bonerush"
            ],
            "requirements": [
                {
                    "variant": "level",
                    "minLevel": 54
                }
            ]
        }
    ],
    "behaviour": {
        "herd": {
            "maxSize": "9",
            "toleratedLeaders": [
                {
                    "pokemon": "vullaby",
                    "tier": 1
                },
                {
                    "pokemon": "mandibuzz",
                    "tier": 2
                }
            ]
        },
        "resting": {
            "willSleepOnBed": true,
            "drowsyChance": 0.0333,
            "rouseChance": 0.0042
        },
        "moving": {
            "swim": {
                "avoidsWater": true
            }
        },
        "combat": {
            "willDefendOwner": true
        }
    }
}