{
    "implemented": true,
    "nationalPokedexNumber": 644,
    "name": "Zekrom",
    "primaryType": "dragon",
    "secondaryType": "electric",
    "maleRatio": -1,
    "height": 29,
    "weight": 3450,
    "pokedex": [
        "cobblemon.species.zekrom.desc"
    ],
    "labels": [
        "gen5",
        "legendary",
        "restricted"
    ],
    "aspects": [],
    "abilities": [
        "teravolt",
        "h:teravolt"
    ],
    "eggGroups": [
        "undiscovered"
    ],
    "baseStats": {
        "hp": 100,
        "attack": 150,
        "defence": 120,
        "special_attack": 120,
        "special_defence": 100,
        "speed": 90
    },
    "evYield": {
        "hp": 0,
        "attack": 3,
        "defence": 0,
        "special_attack": 0,
        "special_defence": 0,
        "speed": 0
    },
    "baseExperienceYield": 340,
    "experienceGroup": "slow",
    "catchRate": 3,
    "eggCycles": 120,
    "baseFriendship": 0,
    "baseScale": 1,
    "hitbox": {
        "width": 1,
        "height": 1,
        "fixed": false
    },
    "behaviour": {
        "moving": {
            "swim": {
                "avoidsWater": true
            },
            "fly": {
                "canFly": true
            }
        },
        "combat": {
            "willDefendSelf": true,
            "willDefendOwner": true,
            "willFlee": false
        },
        "resting": {
            "drowsyChance": 0.0333,
            "rouseChance": 0.0042
        }
    },
    "moves": [
        "1:thunderfang",
        "1:dragonrage",
        "1:ancientpower",
        "1:dragonbreath",
        "1:nobleroar",
        "8:slash",
        "16:crunch",
        "24:zenheadbutt",
        "32:dragonclaw",
        "40:thunderbolt",
        "48:fusionbolt",
        "56:hypervoice",
        "64:thunder",
        "72:imprison",
        "80:outrage",
        "88:boltstrike",
        "tm:ancientpower",
        "tm:bodypress",
        "tm:bodyslam",
        "tm:breakingswipe",
        "tm:brickbreak",
        "tm:brutalswing",
        "tm:charge",
        "tm:chargebeam",
        "tm:crunch",
        "tm:cut",
        "tm:defog",
        "tm:doubleedge",
        "tm:dracometeor",
        "tm:dragoncheer",
        "tm:dragonclaw",
        "tm:dragondance",
        "tm:dragonpulse",
        "tm:dragontail",
        "tm:dualwingbeat",
        "tm:earthpower",
        "tm:echoedvoice",
        "tm:electricterrain",
        "tm:electroball",
        "tm:endure",
        "tm:facade",
        "tm:flash",
        "tm:flashcannon",
        "tm:fling",
        "tm:fly",
        "tm:focusblast",
        "tm:focuspunch",
        "tm:gigaimpact",
        "tm:haze",
        "tm:helpinghand",
        "tm:honeclaws",
        "tm:hyperbeam",
        "tm:hypervoice",
        "tm:imprison",
        "tm:laserfocus",
        "tm:lightscreen",
        "tm:magnetrise",
        "tm:outrage",
        "tm:payback",
        "tm:protect",
        "tm:psychic",
        "tm:raindance",
        "tm:reflect",
        "tm:rest",
        "tm:risingvoltage",
        "tm:roar",
        "tm:rockslide",
        "tm:rocksmash",
        "tm:rocktomb",
        "tm:roost",
        "tm:safeguard",
        "tm:scaleshot",
        "tm:scaryface",
        "tm:shadowball",
        "tm:shadowclaw",
        "tm:shockwave",
        "tm:signalbeam",
        "tm:sleeptalk",
        "tm:stealthrock",
        "tm:steelwing",
        "tm:stoneedge",
        "tm:strength",
        "tm:substitute",
        "tm:sunnyday",
        "tm:supercellslam",
        "tm:swift",
        "tm:tailwind",
        "tm:takedown",
        "tm:terablast",
        "tm:thunder",
        "tm:thunderbolt",
        "tm:thunderfang",
        "tm:thunderpunch",
        "tm:thunderwave",
        "tm:voltswitch",
        "tm:weatherball",
        "tm:wildcharge",
        "tm:zenheadbutt",
        "tutor:ancientpower",
        "tutor:chargebeam",
        "tutor:defog",
        "tutor:dracometeor",
        "tutor:dragonpulse",
        "tutor:dualwingbeat",
        "tutor:earthpower",
        "tutor:flashcannon",
        "tutor:focuspunch",
        "tutor:gigaimpact",
        "tutor:helpinghand",
        "tutor:hyperbeam",
        "tutor:hypervoice",
        "tutor:laserfocus",
        "tutor:magnetrise",
        "tutor:outrage",
        "tutor:psychic",
        "tutor:rest",
        "tutor:risingvoltage",
        "tutor:rockslide",
        "tutor:rocksmash",
        "tutor:roost",
        "tutor:scaleshot",
        "tutor:shadowball",
        "tutor:shadowclaw",
        "tutor:shockwave",
        "tutor:signalbeam",
        "tutor:sleeptalk",
        "tutor:stealthrock",
        "tutor:stoneedge",
        "tutor:swift",
        "tutor:tailwind",
        "tutor:thunderbolt",
        "tutor:thunderfang",
        "tutor:thunderpunch",
        "tutor:wildcharge",
        "tutor:zenheadbutt",
        "legacy:confide",
        "legacy:doubleteam",
        "legacy:frustration",
        "legacy:hiddenpower",
        "legacy:return",
        "legacy:round",
        "legacy:secretpower",
        "legacy:snore",
        "legacy:swagger",
        "legacy:toxic"
    ],
    "evolutions": [],
    "drops": {
        "amount": 3,
        "entries": [
            {
                "item": "minecraft:dragon_breath",
                "quantityRange": "2-3"
            }
        ]
    }
}