{
  "type": "minecraft:crafting_shaped",
  "pattern": [
    " ZY",
    "ZXZ",
    "YZ "
  ],
  "key": {
    "X": { "item": "minecraft:feather" },
    "Y": { "item": "cobblemon:sky_tumblestone" },
    "Z": { "item": "minecraft:wind_charge" }
  },
  "result": {
    "id": "lumymon:flying_feather",
    "count": 1,
    "components": {
      "lumymon:structure_name": "cobbleverse:alice",
      "lumymon:dimension_id": "any",
      "lumymon:map_decoration": "lumymon:flying_gym"
    }
  }
}