{
  "species": "cobblemon:kyurem",
  "order": 0,
  "baseScale": 0.75,
  "hitbox": {
    "width": 0.5,
    "height": 2,
    "fixed": false
  },
  "variations": [
    {
      "aspects": [],
      "poser": "cobblemon_reanimodel:kyurem",
      "model": "cobblemon_reanimodel:kyurem.geo",
      "texture": "cobblemon_reanimodel:textures/pokemon/kyurem/kyurem.png",
      "layers": [
      ] 
    },
    {
      "aspects": ["shiny"],
      "texture": "cobblemon_reanimodel:textures/pokemon/kyurem/kyurem_shiny.png",
      "layers": [
       
      ]
    }
  ]
}