{
  "type": "minecraft:crafting_shaped",
  "key": {
    "X": {
      "item": "cobblemon:flying_gem"
    },
    "Y": {
      "item": "minecraft:wind_charge"
    },
    "W": {
      "item": "lumymon:poke_radar"
    },
    "Z": {
      "item": "cobblemon:clever_feather"
    },
    "L": {
      "item": "cobblemon:swift_feather"
    },
    "M": {
      "item": "cobblemon:genius_feather"
    },
    "U": {
      "item": "cobblemon:resist_feather"
    },
    "V": {
      "item": "cobblemon:muscle_feather"
    }
  },
  "pattern": [
    "YXY",
    "ZWL",
    "VUM"
  ],
  "result": {
    "id": "lumymon:hooh_radar"
  }
}