{
  "type": "minecraft:crafting_shaped",
  "pattern": [
    " X ",
    "XYX",
    "XZX"
  ],
  "key": {
    "X": { "item": "minecraft:light_blue_stained_glass" },
    "Y": { "item": "cobblemon:whipped_dream" },
    "Z": { "item": "minecraft:milk_bucket" }
  },
  "result": {
    "id": "lumymon:sweet_milk",
    "count": 1,
    "components": {
      "lumymon:structure_name": "cobbleverse:chiara",
      "lumymon:dimension_id": "any",
      "lumymon:map_decoration": "lumymon:normal_gym"
    }
  }
}