{
  "type": "minecraft:crafting_shaped",
  "pattern": [
    "XXZ",
    "YX ",
    "XXZ"
  ],
  "key": {
    "X": { "item": "minecraft:purple_wool" },
    "Y": { "item": "cobblemon:reaper_cloth" },
    "Z": { "item": "minecraft:amethyst_shard" }
  },
  "result": {
    "id": "lumymon:spirit_scarf",
    "count": 1,
    "components": {
      "lumymon:structure_name": "cobbleverse:angelo",
      "lumymon:dimension_id": "any",
      "lumymon:map_decoration": "lumymon:ghost_gym"
    }
  }
}