{
	"format_version": "1.8.0",
	"animations": {
		"animation.kyurem.pose": {
			"loop": true,
			"bones": {
				"body": {
					"position": [0, -5.75, 0]
				},
				"torso": {
					"rotation": [-27.5, 0, 0]
				},
				"bone23": {
					"rotation": [20, 0, 0]
				},
				"bone22": {
					"rotation": [5, 0, 0]
				},
				"bone21": {
					"rotation": [13.27463, -19.50645, -4.50432]
				},
				"bone20": {
					"rotation": [5.92236, -32.36121, -3.17805]
				},
				"bone19": {
					"rotation": [10.38592, -19.882, -1.38109]
				},
				"bone18": {
					"rotation": [-4.83789, -20.14064, -0.67834]
				},
				"head": {
					"rotation": [29.77887, -21.74617, 9.22956]
				},
				"bone24": {
					"rotation": [-27.25, 0, -15]
				},
				"bone25": {
					"rotation": [5, 0, 2.5]
				},
				"bone26": {
					"rotation": [5.25, 0, 0]
				},
				"bone27": {
					"rotation": [11, 0, 0]
				},
				"bone28": {
					"rotation": [6.8712, -16.31817, 9.89387]
				},
				"bone32": {
					"rotation": [22.5, 10, 12.5]
				},
				"bone33": {
					"rotation": [2.5, 0, 0]
				},
				"bone34": {
					"rotation": [-6.5, 0, 0]
				},
				"bone35": {
					"rotation": [5, 0, 0]
				},
				"bone36": {
					"rotation": [-6.95263, -0.4328, -12.49262]
				},
				"bone83": {
					"rotation": [2.5, 0, 0]
				},
				"bone84": {
					"rotation": [22.5, 0, 0]
				},
				"bone90": {
					"rotation": [0, 0, 17.5]
				},
				"bone91": {
					"rotation": [0, -20, 0]
				},
				"bone92": {
					"rotation": [0, 0, 10]
				},
				"bone93": {
					"rotation": [0, 0, 20]
				},
				"bone96": {
					"rotation": [0, 12.5, 0]
				},
				"bone97": {
					"rotation": [0, 17.5, 0]
				},
				"bone98": {
					"rotation": [0, 0, -15]
				},
				"bone99": {
					"rotation": [0, 0, -20]
				},
				"bone102": {
					"rotation": [-15, 0, 0]
				},
				"bone115": {
					"rotation": [0, 2.5, 0]
				},
				"bone116": {
					"rotation": [22.5, 30, 0]
				}
			}
		},
		"animation.kyurem.ground_idle": {
			"loop": true,
			"bones": {
				"body": {
					"position": [0, -4, 0]
				},
				"bone20": {
					"rotation": ["5+math.sin(q.anim_time*90*1-50)*1", 0, 0]
				},
				"bone19": {
					"rotation": ["2.5+math.sin(q.anim_time*90*1-50)*1", 0, 0]
				},
				"bone18": {
					"rotation": ["2.5+math.sin(q.anim_time*90*1-50)*3", 0, 0]
				},
				"bone89": {
					"rotation": [0, "0-math.sin(q.anim_time*90*1)*5", "12.5+math.sin(q.anim_time*90*1)*1"]
				},
				"bone90": {
					"rotation": [0, 0, "15-math.sin(q.anim_time*90*1-90)*2"]
				},
				"bone91": {
					"rotation": [0, "-17.5-math.sin(q.anim_time*90*1-90)*5", 0]
				},
				"bone92": {
					"rotation": [0, 0, 12.5]
				},
				"bone95": {
					"rotation": [0, "0+math.sin(q.anim_time*90*1)*5", "-10-math.sin(q.anim_time*90*1)*1"]
				},
				"bone96": {
					"rotation": [0, 0, "-10+math.sin(q.anim_time*90*1-90)*2"]
				},
				"bone97": {
					"rotation": [0, "25+math.sin(q.anim_time*90*1-90)*5", 0]
				},
				"bone98": {
					"rotation": [0, 0, -15]
				},
				"bone24": {
					"rotation": ["2.5-math.sin(q.anim_time*90*1)*1.8", -17.5, -12.5],
					"position": [0, "0-math.sin(q.anim_time*90*1)*1.2", 0]
				},
				"bone25": {
					"rotation": [0, 0, 5],
					"position": [0, 0, 0]
				},
				"bone26": {
					"rotation": ["5+math.sin(q.anim_time*90*1)*5", 0, 0]
				},
				"bone27": {
					"rotation": ["-2.5-math.sin(q.anim_time*90*1)*1.5", 0, 0]
				},
				"bone28": {
					"rotation": ["-2.661-math.sin(q.anim_time*90*1)*2", 2.61997, 7.97005]
				},
				"bone32": {
					"rotation": ["12.5-math.sin(q.anim_time*90*1)*1", 12.5, 10],
					"position": [0, "0-math.sin(q.anim_time*90*1)*1.2", 0]
				},
				"bone33": {
					"rotation": [0, 0, -5]
				},
				"bone34": {
					"rotation": ["0+math.sin(q.anim_time*90*1)*4", 0, 0]
				},
				"bone36": {
					"rotation": ["-14.2167-math.sin(q.anim_time*90*1)*2.3", 12.54958, -5.14756]
				},
				"torso": {
					"rotation": ["0+math.sin(q.anim_time*90*1-90)*2", 0, 0],
					"position": [0, "0-math.sin(q.anim_time*90*1)*1", 0]
				},
				"bone22": {
					"rotation": ["0+math.sin(q.anim_time*90*1-50)*2", 0, 0]
				},
				"bone21": {
					"rotation": ["0+math.sin(q.anim_time*90*1-50)*1", "0+math.sin(q.anim_time*90*1)*2", 0]
				},
				"head": {
					"rotation": ["0+math.sin(q.anim_time*90*1-150)*3", 0, 0]
				},
				"bone93": {
					"rotation": [0, -25, 0]
				},
				"bone94": {
					"rotation": [0, 12.5, 0]
				},
				"bone99": {
					"rotation": [0, 25, 0]
				},
				"bone100": {
					"rotation": [0, -20, 0]
				},
				"bone35": {
					"rotation": ["3.5-math.sin(q.anim_time*90*1)*1", 0, 0]
				}
			}
		},
		"animation.kyurem.battle_idle": {
			"loop": true,
			"bones": {
				"body": {
					"position": [0, -4, 0]
				},
				"bone20": {
					"rotation": ["5.0161+math.sin(q.anim_time*90*1-50)*1", -4.98632, -0.37008]
				},
				"bone19": {
					"rotation": ["2.5067+math.sin(q.anim_time*90*1-50)*1", -4.9977, -0.15168]
				},
				"bone18": {
					"rotation": ["2.5+math.sin(q.anim_time*90*1-50)*3", 0, 0]
				},
				"bone89": {
					"rotation": [0, "0-math.sin(q.anim_time*90*1)*5", "12.5+math.sin(q.anim_time*90*1)*1"]
				},
				"bone90": {
					"rotation": [0, 0, "15-math.sin(q.anim_time*90*1-90)*2"]
				},
				"bone91": {
					"rotation": [0, "-17.5-math.sin(q.anim_time*90*1-90)*5", 0]
				},
				"bone92": {
					"rotation": [0, 0, 12.5]
				},
				"bone95": {
					"rotation": [0, "0+math.sin(q.anim_time*90*1)*5", "-10-math.sin(q.anim_time*90*1)*1"]
				},
				"bone96": {
					"rotation": [0, 0, "-10+math.sin(q.anim_time*90*1-90)*2"]
				},
				"bone97": {
					"rotation": [0, "25+math.sin(q.anim_time*90*1-90)*5", 0]
				},
				"bone98": {
					"rotation": [0, 0, -15]
				},
				"bone24": {
					"rotation": ["-12.5-math.sin(q.anim_time*90*1)*1.8", -17.5, -12.5],
					"position": [0, "0-math.sin(q.anim_time*90*1)*1.2", -8]
				},
				"bone25": {
					"rotation": [0, 0, 5],
					"position": [0, 0, 0]
				},
				"bone26": {
					"rotation": ["5+math.sin(q.anim_time*90*1)*5", 0, 0]
				},
				"bone27": {
					"rotation": ["-2.5-math.sin(q.anim_time*90*1)*1.5", 0, 0]
				},
				"bone28": {
					"rotation": ["12.339-math.sin(q.anim_time*90*1)*2", 2.61997, 7.97005]
				},
				"bone32": {
					"rotation": ["12.5-math.sin(q.anim_time*90*1)*1", 12.5, 10],
					"position": [0, "0-math.sin(q.anim_time*90*1)*1.2", 0]
				},
				"bone33": {
					"rotation": [0, 0, -5]
				},
				"bone34": {
					"rotation": ["0+math.sin(q.anim_time*90*1)*4", 0, 0]
				},
				"bone36": {
					"rotation": ["-14.2167-math.sin(q.anim_time*90*1)*2.3", 12.54958, -5.14756]
				},
				"torso": {
					"rotation": ["-0.0485+math.sin(q.anim_time*90*1-90)*2", 12.49226, -0.44329],
					"position": [0, "0-math.sin(q.anim_time*90*1)*1", 0]
				},
				"bone22": {
					"rotation": ["0+math.sin(q.anim_time*90*1-50)*2", 0, 0]
				},
				"bone21": {
					"rotation": ["0+math.sin(q.anim_time*90*1-50)*1", "0+math.sin(q.anim_time*90*1)*2", 0]
				},
				"head": {
					"rotation": ["0+math.sin(q.anim_time*90*1-150)*3", 0, 0]
				},
				"bone93": {
					"rotation": [0, -25, 0]
				},
				"bone94": {
					"rotation": [0, 12.5, 0]
				},
				"bone99": {
					"rotation": [0, 25, 0]
				},
				"bone100": {
					"rotation": [0, -20, 0]
				},
				"bone35": {
					"rotation": ["3.5-math.sin(q.anim_time*90*1)*1", 0, 0]
				}
			}
		},
		"animation.kyurem.cry": {
			"animation_length": 3,
			"bones": {
				"torso": {
					"rotation": {
						"0.0": {
							"post": [0, 0, 0],
							"lerp_mode": "catmullrom"
						},
						"0.125": {
							"post": [7.5, 0, 0],
							"lerp_mode": "catmullrom"
						},
						"0.4167": {
							"post": [-17.5, 0, 0],
							"lerp_mode": "catmullrom"
						},
						"1.75": {
							"post": [-17.5, 0, 0],
							"lerp_mode": "catmullrom"
						},
						"2.25": {
							"post": [0, 0, 0],
							"lerp_mode": "catmullrom"
						},
						"2.75": {
							"post": [0, 0, 0],
							"lerp_mode": "catmullrom"
						}
					}
				},
				"bone21": {
					"rotation": {
						"0.0": {
							"post": [0, 0, 0],
							"lerp_mode": "catmullrom"
						},
						"0.125": {
							"post": [10, 0, 0],
							"lerp_mode": "catmullrom"
						},
						"0.4167": {
							"post": [-2.5, 0, 0],
							"lerp_mode": "catmullrom"
						},
						"1.75": {
							"post": [-2.5, 0, 0],
							"lerp_mode": "catmullrom"
						},
						"2.25": {
							"post": [0, 0, 0],
							"lerp_mode": "catmullrom"
						},
						"2.75": {
							"post": [0, 0, 0],
							"lerp_mode": "catmullrom"
						}
					}
				},
				"bone19": {
					"rotation": {
						"0.0": {
							"post": [0, 0, 0],
							"lerp_mode": "catmullrom"
						},
						"0.125": {
							"post": [2.5, 0, 0],
							"lerp_mode": "catmullrom"
						},
						"0.4167": {
							"post": [-2.5, 0, 0],
							"lerp_mode": "catmullrom"
						},
						"1.75": {
							"post": [-2.5, 0, 0],
							"lerp_mode": "catmullrom"
						},
						"1.9583": {
							"post": [-4.01, 0, 0],
							"lerp_mode": "catmullrom"
						},
						"2.25": {
							"post": [0, 0, 0],
							"lerp_mode": "catmullrom"
						},
						"2.4583": {
							"post": [5.28, 0, 0],
							"lerp_mode": "catmullrom"
						},
						"2.75": {
							"post": [0, 0, 0],
							"lerp_mode": "catmullrom"
						}
					}
				},
				"bone20": {
					"rotation": {
						"0.0": {
							"post": [0, 0, 0],
							"lerp_mode": "catmullrom"
						},
						"0.25": {
							"post": [12.5, 0, 0],
							"lerp_mode": "catmullrom"
						},
						"0.4167": {
							"post": [-10, 0, 0],
							"lerp_mode": "catmullrom"
						},
						"1.75": {
							"post": [-10, 0, 0],
							"lerp_mode": "catmullrom"
						},
						"2.25": {
							"post": [0, 0, 0],
							"lerp_mode": "catmullrom"
						},
						"2.4583": {
							"post": [8.21, 0, 0],
							"lerp_mode": "catmullrom"
						},
						"2.75": {
							"post": [0, 0, 0],
							"lerp_mode": "catmullrom"
						}
					}
				},
				"bone18": {
					"rotation": {
						"0.0": {
							"post": [0, 0, 0],
							"lerp_mode": "catmullrom"
						},
						"0.25": {
							"post": [13.92, 0, 0],
							"lerp_mode": "catmullrom"
						},
						"0.4167": {
							"post": [0, 0, 0],
							"lerp_mode": "catmullrom"
						},
						"1.75": {
							"post": [0, 0, 0],
							"lerp_mode": "catmullrom"
						},
						"1.9583": {
							"post": [-7.5, 0, 0],
							"lerp_mode": "catmullrom"
						},
						"2.25": {
							"post": [0, 0, 0],
							"lerp_mode": "catmullrom"
						},
						"2.4583": {
							"post": [3.03, 0, 0],
							"lerp_mode": "catmullrom"
						},
						"2.75": {
							"post": [0, 0, 0],
							"lerp_mode": "catmullrom"
						}
					}
				}
			}
		},
		"animation.kyurem.ground_walk": {
			"loop": true,
			"animation_length": 2,
			"bones": {
				"body": {
					"position": [0, "-4+math.clamp(math.sin(q.anim_time*90*2)*15,0.5,2)+math.clamp(math.sin(q.anim_time*90*2+180)*15,0.5,2)", 0]
				},
				"torso": {
					"rotation": ["7.5+math.cos((q.anim_time)*90*8/2-90)*3", "math.cos((q.anim_time)*90*8/4)*11", "0-math.cos((q.anim_time)*90*8/4-90)*4"],
					"position": [0, "0-math.cos((q.anim_time)*90*8/2)*1.5", 0]
				},
				"bone23": {
					"rotation": [0, "0-math.cos((q.anim_time)*90*8/4)*11", 0]
				},
				"bone22": {
					"rotation": {
						"0.0": [-5, 0, 0],
						"2.0": [-5, 0, 0]
					}
				},
				"bone21": {
					"rotation": ["0-math.cos((q.anim_time)*90*8/2)*2", 0, 0]
				},
				"bone19": {
					"rotation": [5, 0, 0]
				},
				"bone18": {
					"rotation": ["0-math.cos((q.anim_time)*90*8/2-90)*5", 0, 0]
				},
				"head": {
					"rotation": ["-10-math.cos((q.anim_time)*90*8/2-90)*5", 0, 0]
				},
				"bone89": {
					"rotation": [0, 0, "0+math.cos((q.anim_time)*90*8/2-90)*4"]
				},
				"bone90": {
					"rotation": [0, 0, "15+math.cos((q.anim_time)*90*8/2-90)*4"]
				},
				"bone91": {
					"rotation": {
						"0.0": [0, -17.5, 0],
						"2.0": [0, -17.5, 0]
					}
				},
				"bone92": {
					"rotation": {
						"0.0": [0, 0, 15],
						"2.0": [0, 0, 15]
					}
				},
				"bone93": {
					"rotation": [0, -27.5, 0]
				},
				"bone94": {
					"rotation": [0, 22.5, 0]
				},
				"bone95": {
					"rotation": [0, 0, "0-math.cos((q.anim_time)*90*8/2-90)*4"]
				},
				"bone96": {
					"rotation": [0, 0, "-15-math.cos((q.anim_time)*90*8/2-90)*4"]
				},
				"bone97": {
					"rotation": [0, 10, 0]
				},
				"bone98": {
					"rotation": {
						"0.0": [0, 0, -15],
						"2.0": [0, 0, -15]
					}
				},
				"bone99": {
					"rotation": [0, 25, 0]
				},
				"bone100": {
					"rotation": [0, -25, 0]
				},
				"bone83": {
					"rotation": [0, "0+math.cos((q.anim_time)*90*8/4-90)*11", 0]
				},
				"bone84": {
					"rotation": [0, "0+math.cos((q.anim_time)*90*8/4-90)*11", 0]
				},
				"bone24": {
					"rotation": {
						"0.0": {
							"post": [-20.11581, -9.60851, -4.47693],
							"lerp_mode": "catmullrom"
						},
						"1.0": {
							"post": [27.90403, -9.70138, -9.3544],
							"lerp_mode": "catmullrom"
						},
						"1.8333": {
							"post": [-22.11251, -9.62399, -5.28984],
							"lerp_mode": "catmullrom"
						},
						"2.0": {
							"post": [-20.11581, -9.60851, -4.47693],
							"lerp_mode": "catmullrom"
						}
					},
					"position": {
						"0.0": {
							"post": [0, -4, -6],
							"lerp_mode": "catmullrom"
						},
						"0.5": {
							"post": [0, -8.46, 1.78],
							"lerp_mode": "catmullrom"
						},
						"1.0": {
							"post": [0, -8, 8],
							"lerp_mode": "catmullrom"
						},
						"1.8333": {
							"post": [0, 1.7, -5.26],
							"lerp_mode": "catmullrom"
						},
						"2.0": {
							"post": [0, -4, -6],
							"lerp_mode": "catmullrom"
						}
					}
				},
				"bone25": {
					"rotation": {
						"0.0": [7.5, 0, 5],
						"0.25": [12.91667, 0, 5],
						"0.5": [11.875, 0, 5],
						"1.0": [0, 0, 5],
						"1.25": [0.83333, 0, 5],
						"1.8333": [15, 0, 5],
						"2.0": [7.5, 0, 5]
					}
				},
				"bone26": {
					"rotation": {
						"0.0": {
							"post": [15, 0, 0],
							"lerp_mode": "catmullrom"
						},
						"0.25": {
							"post": [11.38, 0, 0],
							"lerp_mode": "catmullrom"
						},
						"0.5": {
							"post": [7.75, 0, 0],
							"lerp_mode": "catmullrom"
						},
						"1.0": {
							"post": [-3, 0, 0],
							"lerp_mode": "catmullrom"
						},
						"1.25": {
							"post": [1.33503, 0.94233, -0.55016],
							"lerp_mode": "catmullrom"
						},
						"1.5": {
							"post": [14.17, 0, 0],
							"lerp_mode": "catmullrom"
						},
						"1.8333": {
							"post": [18.69, 0, 0],
							"lerp_mode": "catmullrom"
						},
						"2.0": {
							"post": [15, 0, 0],
							"lerp_mode": "catmullrom"
						}
					}
				},
				"bone27": {
					"rotation": {
						"0.0": {
							"post": [-10, 0, 0],
							"lerp_mode": "catmullrom"
						},
						"0.2917": {
							"post": [-0.06, 0, 0],
							"lerp_mode": "catmullrom"
						},
						"0.5": {
							"post": [-6.77, 0, 0],
							"lerp_mode": "catmullrom"
						},
						"1.0": {
							"post": [9.76, 0, 0],
							"lerp_mode": "catmullrom"
						},
						"1.1667": {
							"post": [17.26, 0, 0],
							"lerp_mode": "catmullrom"
						},
						"1.375": {
							"post": [31.58, 0, 0],
							"lerp_mode": "catmullrom"
						},
						"1.8333": {
							"post": [-17.5, 0, 0],
							"lerp_mode": "catmullrom"
						},
						"2.0": {
							"post": [-10, 0, 0],
							"lerp_mode": "catmullrom"
						}
					}
				},
				"bone28": {
					"rotation": {
						"0.0": [7.5, 0, 0],
						"0.25": [-12.5, 0, 0],
						"0.5": [-19.16889, 0.05103, 2.49948],
						"1.0": [-32.45594, 1.24154, 4.06493],
						"1.25": [-4.37, 0, 0],
						"1.8333": [-21.25, 0, 0],
						"2.0": [7.5, 0, 0]
					}
				},
				"bone101": {
					"rotation": {
						"0.0": [0, 0, 0],
						"1.0": [0, 0, 0],
						"1.25": [-37.5, 0, 0],
						"1.4167": [0, 0, 0],
						"2.0": [0, 0, 0]
					}
				},
				"bone32": {
					"rotation": {
						"0.0": {
							"post": [29.98384, 9.14822, 13.33836],
							"lerp_mode": "catmullrom"
						},
						"0.7917": {
							"post": [-32.34502, 12.875, 5.11085],
							"lerp_mode": "catmullrom"
						},
						"1.0": {
							"post": [-20.81079, 13.62035, 3.46535],
							"lerp_mode": "catmullrom"
						},
						"2.0": {
							"post": [29.98384, 9.14822, 13.33836],
							"lerp_mode": "catmullrom"
						}
					},
					"position": {
						"0.0": {
							"post": [0, -11.5, 7],
							"lerp_mode": "catmullrom"
						},
						"0.7917": {
							"post": [0, 1.29, -5.37],
							"lerp_mode": "catmullrom"
						},
						"1.0": {
							"post": [0, -3.75, -8.25],
							"lerp_mode": "catmullrom"
						},
						"1.25": {
							"post": [0, -4.6, -4.86],
							"lerp_mode": "catmullrom"
						},
						"1.8333": {
							"post": [0, -12.18, 5.85],
							"lerp_mode": "catmullrom"
						},
						"2.0": {
							"post": [0, -11.5, 7],
							"lerp_mode": "catmullrom"
						}
					}
				},
				"bone33": {
					"rotation": {
						"0.0": [0, 0, -7.5],
						"0.1667": [0.91667, 0, -7.5],
						"0.375": [15.96875, 0, -7.5],
						"0.8333": [17.08333, 0, -7.5],
						"1.0": [10, 0, -7.5],
						"1.25": [8.125, 0, -7.5],
						"1.5": [6.25, 0, -7.5],
						"2.0": [0, 0, -7.5]
					}
				},
				"bone34": {
					"rotation": {
						"0.0": {
							"post": [-10.75, 0, 0],
							"lerp_mode": "catmullrom"
						},
						"0.1667": {
							"post": [-4.4, 0, 0],
							"lerp_mode": "catmullrom"
						},
						"0.3333": {
							"post": [9, 0, 0],
							"lerp_mode": "catmullrom"
						},
						"0.8333": {
							"post": [9.17, 0, 0],
							"lerp_mode": "catmullrom"
						},
						"1.0": {
							"post": [5, 0, 0],
							"lerp_mode": "catmullrom"
						},
						"1.5": {
							"post": [2.5, 0, 0],
							"lerp_mode": "catmullrom"
						},
						"2.0": {
							"post": [-10.75, 0, 0],
							"lerp_mode": "catmullrom"
						}
					},
					"position": {
						"0.0": {
							"post": [0, 2, 0],
							"lerp_mode": "catmullrom"
						},
						"2.0": {
							"post": [0, 2, 0],
							"lerp_mode": "catmullrom"
						}
					}
				},
				"bone35": {
					"rotation": {
						"0.0": {
							"post": [25, 0, 0],
							"lerp_mode": "catmullrom"
						},
						"0.1667": {
							"post": [25.44, 0, 0],
							"lerp_mode": "catmullrom"
						},
						"0.375": {
							"post": [-0.49, 0, 0],
							"lerp_mode": "catmullrom"
						},
						"0.8333": {
							"post": [-16.04, 0, 0],
							"lerp_mode": "catmullrom"
						},
						"1.0": {
							"post": [-2.75, 0, 0],
							"lerp_mode": "catmullrom"
						},
						"1.5": {
							"post": [9.88, 0, 0],
							"lerp_mode": "catmullrom"
						},
						"1.8333": {
							"post": [14.96, 0, 0],
							"lerp_mode": "catmullrom"
						},
						"2.0": {
							"post": [25, 0, 0],
							"lerp_mode": "catmullrom"
						}
					}
				},
				"bone36": {
					"rotation": {
						"0.0": [-39.9934, -0.30458, -2.48139],
						"0.1667": [1.2566, -0.30458, -2.48139],
						"0.375": [-4.09063, -0.30458, -2.48139],
						"0.8333": [1.914, -0.30458, -2.48139],
						"1.0": [7.5066, -0.30458, -2.48139],
						"1.5": [-24.9934, -0.30458, -2.48139],
						"2.0": [-39.9934, -0.30458, -2.48139]
					}
				},
				"bone102": {
					"rotation": {
						"0.0": [0, 0, 0],
						"0.1667": [-42.5, 0, 0],
						"0.4167": [0, 0, 0],
						"2.0": [0, 0, 0]
					}
				}
			}
		},
		"animation.kyurem.walkspeed": {
			"loop": true,
			"bones": {
				"body": {
					"position": [0, 0, "-query.anim_time *90 *0.5"]
				}
			}
		}
	}
}