{
  "species": "cobblemon:noivern",
  "order": 1,
  "variations": [
    {
      "aspects": ["mega"],
      "model": "cobblemon:noivern_mega.geo",
      "poser": "cobblemon:noivern_mega",
      "texture": "cobblemon:textures/pokemon/noivern_mega/noivern_mega.png",
      "layers": [
        {
              "name": "emissive",
              "emissive": true,
              "texture": "cobblemon:textures/pokemon/noivern_mega/noivern_mega_emissive.png",
              "translucent": true
        }
      ]
    },
    {
      "aspects": ["mega", "shiny"],
      "texture": "cobblemon:textures/pokemon/noivern_mega/noivern_mega_shiny.png",
       "layers": [
        {
              "name": "emissive",
              "emissive": true,
              "texture": "cobblemon:textures/pokemon/noivern_mega/noivern_mega_shiny_emissive.png",
              "translucent": true
        }
      ]
    }
  ]
}
