{
	"format_version": "1.12.0",
	"minecraft:geometry": [
		{
			"description": {
				"identifier": "geometry.greninja",
				"texture_width": 256,
				"texture_height": 256,
				"visible_bounds_width": 8,
				"visible_bounds_height": 11.5,
				"visible_bounds_offset": [0, 5.25, 0]
			},
			"bones": [
				{
					"name": "greninja",
					"pivot": [0, 0, 1],
					"rotation": [0, 0, -180]
				},
				{
					"name": "body",
					"parent": "greninja",
					"pivot": [0, 0, 1]
				},
				{
					"name": "bone",
					"parent": "body",
					"pivot": [0, 0, 1]
				},
				{
					"name": "torso",
					"parent": "bone",
					"pivot": [0, -46.2, 1.4]
				},
				{
					"name": "torso2",
					"parent": "torso",
					"pivot": [0, -46.2, 1.5],
					"cubes": [
						{"origin": [-2, -47.2, -0.5], "size": [4, 2, 4], "uv": [16, 93]}
					]
				},
				{
					"name": "waist",
					"parent": "torso",
					"pivot": [0, -45.2, 3.5],
					"cubes": [
						{"origin": [-3, -45.2, -1.2], "size": [6, 3, 5], "uv": [24, 78]}
					]
				},
				{
					"name": "chest",
					"parent": "waist",
					"pivot": [0, -42.2, 3.75],
					"cubes": [
						{"origin": [-4, -42.2, -2], "size": [8, 4, 6], "uv": [0, 61]},
						{"origin": [-3, -38.2, -1], "size": [6, 2, 5], "inflate": 0.01, "uv": [78, 32]}
					]
				},
				{
					"name": "shuriken_chest",
					"parent": "chest",
					"pivot": [0, -41.8, 4],
					"cubes": [
						{"origin": [-2.5, -44.3, 4], "size": [5, 5, 0], "inflate": 0.01, "uv": [118, 13]},
						{"origin": [-0.5, -42.3, 4], "size": [1, 1, 2], "uv": [24, 249]}
					]
				},
				{
					"name": "back_shuriken",
					"parent": "chest",
					"pivot": [1.55042, -42.76413, 2.83333],
					"rotation": [90, 0, -45]
				},
				{
					"name": "back_shuriken1",
					"parent": "back_shuriken",
					"pivot": [1.05042, -46.4308, 2.66667],
					"cubes": [
						{"origin": [-8.44958, -46.9308, 1.16667], "size": [23, 1, 3], "pivot": [1.05042, -46.4308, 2.66667], "rotation": [0, -90, 0], "uv": [0, 252]},
						{"origin": [0.55042, -46.93913, 16.13333], "size": [1, 1, 2], "uv": [24, 249]},
						{"origin": [13.05042, -46.93913, 3.63333], "size": [1, 1, 2], "pivot": [13.55042, -46.43913, 4.63333], "rotation": [0, 90, 0], "uv": [24, 249]},
						{"origin": [0.55042, -46.93913, -8.86667], "size": [1, 1, 2], "pivot": [1.05042, -46.43913, -7.86667], "rotation": [0, 180, 0], "uv": [24, 249]},
						{"origin": [-6.44958, -46.9308, 3.16667], "size": [23, 1, 3], "pivot": [3.05042, -46.4308, 4.66667], "rotation": [0, 180, 0], "uv": [0, 252]},
						{"origin": [-11.94958, -46.93913, 3.63333], "size": [1, 1, 2], "pivot": [-11.44958, -46.43913, 4.63333], "rotation": [0, -90, 0], "uv": [24, 249]}
					]
				},
				{
					"name": "neck",
					"parent": "chest",
					"pivot": [0, -38.2, 1],
					"cubes": [
						{"origin": [-5.5, -38.2, -5], "size": [11, 3, 11], "uv": [0, 47]}
					]
				},
				{
					"name": "head",
					"parent": "neck",
					"pivot": [0, -36.2, 1.1],
					"cubes": [
						{"origin": [-4, -35.33086, -3.60286], "size": [6, 3, 6], "pivot": [0, -68.33086, -1.60286], "rotation": [0, 45, 0], "uv": [0, 71]},
						{"origin": [-3.5, -32.33086, -3.30286], "size": [6, 4, 0], "pivot": [0.5, -68.33086, -1.30286], "rotation": [0, 45, 0], "uv": [98, 67]},
						{"origin": [-4, -36.33086, 0.09714], "size": [8, 4, 4], "inflate": 0.01, "uv": [74, 57]},
						{"origin": [0, -32.33086, -4.40286], "size": [0, 2, 12], "uv": [28, 64]},
						{"origin": [-2.5, -32.33086, -3.30286], "size": [6, 4, 0], "pivot": [-0.5, -68.33086, -1.30286], "rotation": [0, -45, 0], "uv": [98, 67], "mirror": true}
					]
				},
				{
					"name": "eye_right",
					"parent": "head",
					"pivot": [-2.2682, -33.13086, -0.749],
					"rotation": [7.5, -45, 0],
					"cubes": [
						{"origin": [-3.3, -34.63086, -2.25286], "size": [2, 3, 3], "uv": [10, 99]}
					]
				},
				{
					"name": "outer_pupil_right",
					"parent": "eye_right",
					"pivot": [-2.3, -32.73086, -1.45286],
					"cubes": [
						{"origin": [-3.31, -34.23086, -1.95286], "size": [0, 2, 1], "uv": [24, 71]}
					]
				},
				{
					"name": "outer_eyelid_right",
					"parent": "eye_right",
					"pivot": [-2.3, -33.13086, -0.75286],
					"cubes": [
						{"origin": [-3.32, -32.63086, -2.25286], "size": [0, 1, 3], "uv": [40, 108]}
					]
				},
				{
					"name": "inner_eyelid_right",
					"parent": "eye_right",
					"pivot": [-3.23, -33.13086, -0.75286],
					"cubes": [
						{"origin": [-3.23, -34.63086, -2.25286], "size": [0, 3, 3], "uv": [10, 105]}
					]
				},
				{
					"name": "inner_eyelid_cover_right",
					"parent": "inner_eyelid_right",
					"pivot": [-3.231, -32.13086, -0.75286],
					"cubes": [
						{"origin": [-3.231, -32.63086, -2.25286], "size": [0, 1, 3], "uv": [46, 108]}
					]
				},
				{
					"name": "inner_pupil_right",
					"parent": "inner_eyelid_right",
					"pivot": [-3.24, -33.38086, -0.75286],
					"rotation": [5, 0, 0],
					"cubes": [
						{"origin": [-3.24, -33.88086, -1.75286], "size": [0, 1, 2], "uv": [70, 57]}
					]
				},
				{
					"name": "eye_left",
					"parent": "head",
					"pivot": [2.2682, -33.13086, -0.749],
					"rotation": [7.5, 45, 0],
					"cubes": [
						{"origin": [1.3, -34.63086, -2.25286], "size": [2, 3, 3], "uv": [0, 99]}
					]
				},
				{
					"name": "outer_pupil_left",
					"parent": "eye_left",
					"pivot": [2.3, -32.73086, -1.45286],
					"cubes": [
						{"origin": [3.31, -34.23086, -1.95286], "size": [0, 2, 1], "uv": [70, 60]}
					]
				},
				{
					"name": "outer_eyelid_left",
					"parent": "eye_left",
					"pivot": [2.3, -33.13086, -0.75286],
					"cubes": [
						{"origin": [3.32, -32.63086, -2.25286], "size": [0, 1, 3], "uv": [52, 105]}
					]
				},
				{
					"name": "inner_eyelid_left",
					"parent": "eye_left",
					"pivot": [3.23, -33.13086, -0.75286],
					"cubes": [
						{"origin": [3.23, -34.63086, -2.25286], "size": [0, 3, 3], "uv": [58, 104]}
					]
				},
				{
					"name": "inner_eyelid_cover_left",
					"parent": "inner_eyelid_left",
					"pivot": [3.231, -32.13086, -0.75286],
					"cubes": [
						{"origin": [3.231, -32.63086, -2.25286], "size": [0, 1, 3], "uv": [80, 108]}
					]
				},
				{
					"name": "inner_pupil_left",
					"parent": "inner_eyelid_left",
					"pivot": [3.24, -33.38086, -0.75286],
					"rotation": [5, 0, 0],
					"cubes": [
						{"origin": [3.24, -33.88086, -1.75286], "size": [0, 1, 2], "uv": [40, 61]}
					]
				},
				{
					"name": "jaw",
					"parent": "head",
					"pivot": [0, -35.33086, -0.20286],
					"rotation": [-2.5, 0, 0],
					"cubes": [
						{"origin": [-4, -36.33086, -3.60286], "size": [6, 1, 6], "pivot": [0, -68.33086, -1.60286], "rotation": [0, 45, 0], "uv": [74, 65]}
					]
				},
				{
					"name": "head_ruff_right",
					"parent": "head",
					"pivot": [-4.5, -31.33086, 3.09714],
					"rotation": [50.60139, 3.91818, -16.95389],
					"cubes": [
						{"origin": [-7.5, -31.33086, -1.40286], "size": [3, 0, 5], "uv": [-5, 17], "mirror": true}
					]
				},
				{
					"name": "head_ruff_left",
					"parent": "head",
					"pivot": [5.5, -31.33086, 3.09714],
					"rotation": [50.50188, -2.44526, 12.28135],
					"cubes": [
						{"origin": [4.2, -31.33086, -1.40286], "size": [3, 0, 5], "uv": [-5, 0]}
					]
				},
				{
					"name": "head_fin_right",
					"parent": "head",
					"pivot": [-3.7, -32.3309, 0.09714],
					"rotation": [0, -15, 0],
					"cubes": [
						{"origin": [-3.7, -32.3309, 2.09714], "size": [5, 6, 0], "pivot": [0.1, -32.3309, 2.09714], "rotation": [-75, 0, 0], "uv": [48, 115]},
						{"origin": [-3.7, -32.3309, 0.09714], "size": [0, 4, 13], "uv": [52, 13]}
					]
				},
				{
					"name": "head_fin_left",
					"parent": "head",
					"pivot": [3.7, -32.3309, 0.09714],
					"rotation": [0, 15, 0],
					"cubes": [
						{"origin": [-1.3, -32.3309, 2.09714], "size": [5, 6, 0], "pivot": [-0.1, -32.3309, 2.09714], "rotation": [-75, 0, 0], "uv": [58, 115]},
						{"origin": [3.7, -32.3309, 0.09714], "size": [0, 4, 13], "uv": [44, 47]},
						{"origin": [3.7, -36.3309, 0.09714], "size": [0, 4, 13], "uv": [52, 30]}
					]
				},
				{
					"name": "head_fin_right2",
					"parent": "head",
					"pivot": [-3.7, -32.3309, 0.09714],
					"rotation": [0, -15, 0],
					"cubes": [
						{"origin": [-3.7, -36.3309, 0.09714], "size": [0, 4, 13], "uv": [52, 30], "mirror": true}
					]
				},
				{
					"name": "tongue",
					"parent": "neck",
					"pivot": [0, -35.2, 5.1],
					"cubes": [
						{"origin": [-1.5, -36.2, 5], "size": [3, 2, 6], "uv": [66, 81]}
					]
				},
				{
					"name": "tongue2",
					"parent": "tongue",
					"pivot": [0, -35.2, 10.5],
					"cubes": [
						{"origin": [-1.5, -36.2, 10.5], "size": [3, 2, 6], "inflate": 0.01, "uv": [84, 81]}
					]
				},
				{
					"name": "tongue3",
					"parent": "tongue2",
					"pivot": [0, -35.2, 16],
					"cubes": [
						{"origin": [-2, -36.2, 16], "size": [4, 2, 6], "uv": [78, 39]}
					]
				},
				{
					"name": "tongue4",
					"parent": "tongue3",
					"pivot": [0, -35.2, 21.5],
					"cubes": [
						{"origin": [-2, -36.2, 21.5], "size": [4, 2, 6], "inflate": 0.01, "uv": [0, 80]}
					]
				},
				{
					"name": "tongue5",
					"parent": "tongue4",
					"pivot": [0, -35.2, 27],
					"cubes": [
						{"origin": [-2.5, -36.7, 27], "size": [5, 3, 6], "uv": [74, 72]}
					]
				},
				{
					"name": "tongue6",
					"parent": "tongue5",
					"pivot": [0, -35.2, 32.5],
					"cubes": [
						{"origin": [-2.5, -36.7, 32.5], "size": [5, 3, 6], "inflate": 0.01, "uv": [78, 13]}
					]
				},
				{
					"name": "tongue7",
					"parent": "tongue6",
					"pivot": [0, -35.2, 38],
					"cubes": [
						{"origin": [-3, -37.2, 38], "size": [6, 4, 6], "inflate": 0.01, "uv": [70, 47]}
					]
				},
				{
					"name": "arm_right",
					"parent": "chest",
					"pivot": [-4, -38.2, 1.5],
					"cubes": [
						{"origin": [-10, -40.2, 0.5], "size": [6, 2, 2], "uv": [32, 95]}
					]
				},
				{
					"name": "arm_right2",
					"parent": "arm_right",
					"pivot": [-10, -39.2, 2.5],
					"cubes": [
						{"origin": [-15, -40.2, 0], "size": [5, 2, 3], "uv": [94, 52]},
						{"origin": [-17, -39.7, 0.5], "size": [2, 1, 2], "inflate": 0.02, "uv": [72, 106]},
						{"origin": [-13.45, -38.45, 0.5], "size": [3, 1, 2], "pivot": [-11.45, -38.2, 1.5], "rotation": [0, 0, -2.5], "uv": [102, 81]}
					]
				},
				{
					"name": "hand_right",
					"parent": "arm_right2",
					"pivot": [-17, -38.7, 1.5]
				},
				{
					"name": "finger_index_right",
					"parent": "hand_right",
					"pivot": [-17, -38.7, 1.5],
					"rotation": [0, -42.5, 0],
					"cubes": [
						{"origin": [-21, -39.7, 1], "size": [4, 1, 1], "uv": [36, 86]},
						{"origin": [-21, -39.2, 2], "size": [4, 0, 2], "pivot": [-21, -39.2, 2], "rotation": [0, 10, 0], "uv": [28, 61]}
					]
				},
				{
					"name": "finger_index_right_end",
					"parent": "finger_index_right",
					"pivot": [-21, -38.7, 1.5],
					"cubes": [
						{"origin": [-23, -39.7, 0.5], "size": [2, 1, 2], "uv": [92, 106]}
					]
				},
				{
					"name": "finger_middle_right",
					"parent": "hand_right",
					"pivot": [-17, -38.7, 1.5],
					"cubes": [
						{"origin": [-21, -39.7, 1], "size": [4, 1, 1], "inflate": 0.01, "uv": [102, 102]}
					]
				},
				{
					"name": "finger_middle_right_end",
					"parent": "finger_middle_right",
					"pivot": [-21, -38.7, 1.5],
					"cubes": [
						{"origin": [-23, -39.7, 0.5], "size": [2, 1, 2], "uv": [100, 106]}
					]
				},
				{
					"name": "finger_pinky_right",
					"parent": "hand_right",
					"pivot": [-17, -38.7, 1.5],
					"rotation": [0, 42.5, 0],
					"cubes": [
						{"origin": [-21, -39.7, 1], "size": [4, 1, 1], "uv": [36, 103]},
						{"origin": [-21, -39.19, -1], "size": [4, 0, 2], "pivot": [-21, -39.2, 1], "rotation": [0, -10, 0], "uv": [98, 45]}
					]
				},
				{
					"name": "finger_pinky_right_end",
					"parent": "finger_pinky_right",
					"pivot": [-21, -38.7, 1.5],
					"cubes": [
						{"origin": [-23, -39.7, 0.5], "size": [2, 1, 2], "uv": [0, 107]}
					]
				},
				{
					"name": "arm_left",
					"parent": "chest",
					"pivot": [4, -38.2, 1.5],
					"cubes": [
						{"origin": [4, -40.2, 0.5], "size": [6, 2, 2], "uv": [0, 95]}
					]
				},
				{
					"name": "arm_left2",
					"parent": "arm_left",
					"pivot": [10, -39.2, 2.5],
					"cubes": [
						{"origin": [10, -40.2, 0], "size": [5, 2, 3], "uv": [94, 47]},
						{"origin": [15, -39.7, 0.5], "size": [2, 1, 2], "inflate": 0.02, "uv": [64, 106]},
						{"origin": [10.45, -38.45, 0.5], "size": [3, 1, 2], "pivot": [11.45, -38.2, 1.5], "rotation": [0, 0, 2.5], "uv": [48, 102]}
					]
				},
				{
					"name": "hand_left",
					"parent": "arm_left2",
					"pivot": [17, -38.7, 1.5]
				},
				{
					"name": "finger_index_left",
					"parent": "hand_left",
					"pivot": [17, -38.7, 1.5],
					"rotation": [0, 42.5, 0],
					"cubes": [
						{"origin": [17, -39.7, 1], "size": [4, 1, 1], "uv": [64, 104]},
						{"origin": [17, -39.2, 2], "size": [4, 0, 2], "pivot": [21, -39.2, 2], "rotation": [0, -10, 0], "uv": [100, 36]}
					]
				},
				{
					"name": "finger_index_left_end",
					"parent": "finger_index_left",
					"pivot": [21, -38.7, 1.5],
					"cubes": [
						{"origin": [21, -39.7, 0.5], "size": [2, 1, 2], "uv": [16, 107]}
					]
				},
				{
					"name": "finger_middle_left",
					"parent": "hand_left",
					"pivot": [17, -38.7, 1.5],
					"cubes": [
						{"origin": [17, -39.7, 1], "size": [4, 1, 1], "inflate": 0.01, "uv": [102, 104]}
					]
				},
				{
					"name": "finger_middle_left_end",
					"parent": "finger_middle_left",
					"pivot": [21, -38.7, 1.5],
					"cubes": [
						{"origin": [21, -39.7, 0.5], "size": [2, 1, 2], "uv": [24, 107]}
					]
				},
				{
					"name": "finger_pinky_left",
					"parent": "hand_left",
					"pivot": [17, -38.7, 1.5],
					"rotation": [0, -42.5, 0],
					"cubes": [
						{"origin": [17, -39.7, 1], "size": [4, 1, 1], "uv": [0, 105]},
						{"origin": [17, -39.19, -1], "size": [4, 0, 2], "pivot": [21, -39.2, 1], "rotation": [0, 10, 0], "uv": [100, 93]}
					]
				},
				{
					"name": "finger_pinky_left_end",
					"parent": "finger_pinky_left",
					"pivot": [21, -38.7, 1.5],
					"cubes": [
						{"origin": [21, -39.7, 0.5], "size": [2, 1, 2], "uv": [32, 108]}
					]
				},
				{
					"name": "shuriken_hand",
					"parent": "chest",
					"pivot": [-35, -39.05, 2],
					"cubes": [
						{"origin": [-46, -40.05, 2], "size": [22, 2, 0], "pivot": [-35, -39.05, 2], "rotation": [90, 0, 0], "uv": [212, 24]},
						{"origin": [-36, -50.05, 2], "size": [2, 22, 0], "inflate": 0.01, "pivot": [-35, -39.05, 2], "rotation": [90, 0, 0], "uv": [252, 0]}
					]
				},
				{
					"name": "tail",
					"parent": "torso",
					"pivot": [0, -45.2, -0.1],
					"rotation": [2.5, 0, 0],
					"cubes": [
						{"origin": [0, -49.15202, -2.09895], "size": [0, 4, 11], "uv": [52, 64]}
					]
				},
				{
					"name": "leg_right",
					"parent": "bone",
					"pivot": [-2, -46.2, 1.4],
					"cubes": [
						{"origin": [-2.7, -47.2, 0.4], "size": [2, 1, 2], "uv": [106, 21]},
						{"origin": [-3.8, -50.2, -0.6], "size": [4, 3, 4], "uv": [0, 88]},
						{"origin": [-4.3, -54.7, -1.1], "size": [5, 5, 5], "uv": [78, 22], "mirror": true},
						{"origin": [-3.3, -55.7, -1], "size": [3, 1, 3], "uv": [36, 99], "mirror": true},
						{"origin": [-3.3, -54.6, -1.85], "size": [3, 3, 1], "pivot": [-1.8, -53.1, -1.1], "rotation": [-2.5, 0, 0], "uv": [94, 102]}
					]
				},
				{
					"name": "shuriken_right",
					"parent": "leg_right",
					"pivot": [-4.3, -49.7, 1.4],
					"rotation": [-5, -1, 0],
					"cubes": [
						{"origin": [-4.3, -51.7, -0.6], "size": [0, 4, 4], "pivot": [-4.3, -49.7, 1.4], "rotation": [0, 0, 10], "uv": [28, 99]}
					]
				},
				{
					"name": "leg_right2",
					"parent": "leg_right",
					"pivot": [-1.8, -54.7, -0.4],
					"cubes": [
						{"origin": [-2.8, -62.6, -0.4], "size": [2, 8, 2], "uv": [98, 22]}
					]
				},
				{
					"name": "foot_right",
					"parent": "leg_right2",
					"pivot": [-1.8, -62.1, 1.6],
					"cubes": [
						{"origin": [-2.8, -63.1, -1.4], "size": [2, 1, 3], "inflate": 0.01, "uv": [100, 17]}
					]
				},
				{
					"name": "toe_right",
					"parent": "foot_right",
					"pivot": [-1.8, -62.6, -0.4],
					"cubes": [
						{"origin": [-3.3, -62.8, -4.9], "size": [3, 0, 4], "uv": [98, 63]}
					]
				},
				{
					"name": "toe_inner_right",
					"parent": "toe_right",
					"pivot": [-0.8, -62.6, -0.4],
					"rotation": [0, -20, 0],
					"cubes": [
						{"origin": [-1.8, -63.1, -5.4], "size": [1, 1, 5], "uv": [98, 39]}
					]
				},
				{
					"name": "toe_inner_right_end",
					"parent": "toe_inner_right",
					"pivot": [-1.3, -62.1, -5],
					"cubes": [
						{"origin": [-2.3, -63.1, -7], "size": [2, 1, 2], "inflate": 0.01, "uv": [106, 24]}
					]
				},
				{
					"name": "toe_outer_right",
					"parent": "toe_right",
					"pivot": [-2.8, -62.6, -0.4],
					"rotation": [0, 20, 0],
					"cubes": [
						{"origin": [-2.8, -63.1, -5.4], "size": [1, 1, 5], "uv": [98, 57]}
					]
				},
				{
					"name": "toe_outer_right_end",
					"parent": "toe_outer_right",
					"pivot": [-2.3, -62.1, -4.65],
					"cubes": [
						{"origin": [-3.3, -63.1, -6.65], "size": [2, 1, 2], "inflate": 0.01, "uv": [106, 27]}
					]
				},
				{
					"name": "toe_back_right",
					"parent": "foot_right",
					"pivot": [-1.8, -62.1, 1.6],
					"cubes": [
						{"origin": [-2.8, -63.1, 1.6], "size": [2, 1, 3], "uv": [100, 89]}
					]
				},
				{
					"name": "leg_left",
					"parent": "bone",
					"pivot": [2, -46.2, 1.4],
					"cubes": [
						{"origin": [0.7, -47.2, 0.4], "size": [2, 1, 2], "uv": [84, 105]},
						{"origin": [-0.2, -50.2, -0.6], "size": [4, 3, 4], "uv": [20, 86]},
						{"origin": [0.3, -54.6, -1.85], "size": [3, 3, 1], "pivot": [1.8, -53.1, -1.1], "rotation": [-2.5, 0, 0], "uv": [102, 84]},
						{"origin": [-0.7, -54.7, -1.1], "size": [5, 5, 5], "uv": [78, 22]},
						{"origin": [0.3, -55.7, -1], "size": [3, 1, 3], "uv": [36, 99]}
					]
				},
				{
					"name": "shuriken_left",
					"parent": "leg_left",
					"pivot": [4.3, -49.7, 1.4],
					"rotation": [-5, 1, 0],
					"cubes": [
						{"origin": [4.3, -51.7, -0.6], "size": [0, 4, 4], "pivot": [4.3, -49.7, 1.4], "rotation": [0, 0, -10], "uv": [20, 99]}
					]
				},
				{
					"name": "leg_left2",
					"parent": "leg_left",
					"pivot": [1.8, -54.7, -0.4],
					"cubes": [
						{"origin": [0.8, -62.6, -0.4], "size": [2, 8, 2], "uv": [76, 96]}
					]
				},
				{
					"name": "foot_left",
					"parent": "leg_left2",
					"pivot": [1.8, -62.1, 1.6],
					"cubes": [
						{"origin": [0.8, -63.1, -1.4], "size": [2, 1, 3], "inflate": 0.01, "uv": [100, 13]}
					]
				},
				{
					"name": "toe_back_left",
					"parent": "foot_left",
					"pivot": [1.8, -62.1, 1.6],
					"cubes": [
						{"origin": [0.8, -63.1, 1.6], "size": [2, 1, 3], "uv": [100, 32]}
					]
				},
				{
					"name": "toe_left",
					"parent": "foot_left",
					"pivot": [1.8, -62.6, -0.4],
					"cubes": [
						{"origin": [0.3, -62.8, -4.9], "size": [3, 0, 4], "uv": [96, 77]}
					]
				},
				{
					"name": "toe_inner_left",
					"parent": "toe_left",
					"pivot": [0.8, -62.6, -0.4],
					"rotation": [0, 20, 0],
					"cubes": [
						{"origin": [0.8, -63.1, -5.4], "size": [1, 1, 5], "uv": [84, 96]}
					]
				},
				{
					"name": "toe_inner_left_end",
					"parent": "toe_inner_left",
					"pivot": [1.3, -62.1, -5],
					"cubes": [
						{"origin": [0.3, -63.1, -7], "size": [2, 1, 2], "inflate": 0.01, "uv": [36, 105]}
					]
				},
				{
					"name": "toe_outer_left",
					"parent": "toe_left",
					"pivot": [2.8, -62.6, -0.4],
					"rotation": [0, -20, 0],
					"cubes": [
						{"origin": [1.8, -63.1, -5.4], "size": [1, 1, 5], "uv": [96, 96]}
					]
				},
				{
					"name": "toe_outer_left_end",
					"parent": "toe_outer_left",
					"pivot": [2.3, -62.1, -4.65],
					"cubes": [
						{"origin": [1.3, -63.1, -6.65], "size": [2, 1, 2], "inflate": 0.01, "uv": [44, 105]}
					]
				},
				{
					"name": "shuriken2",
					"parent": "body",
					"pivot": [0, -63, 0]
				},
				{
					"name": "shuriken",
					"parent": "shuriken2",
					"pivot": [-2.08452, -63.3, -5.2006],
					"cubes": [
						{"origin": [-40.08452, -63.2, -41.7006], "size": [76, 0, 73], "uv": [1, 117]},
						{"origin": [-40.08452, -63.5, -41.7006], "size": [76, 0, 73], "pivot": [-2.08452, -63.5, -5.2006], "rotation": [0, -50, 0], "uv": [1, 117]},
						{"origin": [-40.08452, -63.3, -41.7006], "size": [76, 0, 73], "pivot": [-2.08452, -63.3, -5.2006], "rotation": [0, 50, 0], "uv": [1, 117]}
					]
				},
				{
					"name": "locator_seat_1",
					"parent": "shuriken2",
					"pivot": [0, -63, 0],
					"locators": {
						"seat_1": {
							"offset": [0, -64, 0],
							"rotation": [0, 0, -180]
						}
					}
				}
			]
		}
	]
}