{
  "type": "minecraft:chest",
  "pools": [
    {
      "rolls": { "min": 10, "max":16 },
      "entries": [
        { "type": "loot_table", "value": "bca:support_tables/armor",              "weight": 5 },
        { "type": "loot_table", "value": "bca:support_tables/weapons",            "weight": 5 },
        { "type": "loot_table", "value": "bca:support_tables/tools",              "weight": 5 },
        { "type": "loot_table", "value": "bca:support_tables/poke_currency",      "weight": 5 },
        { "type": "loot_table", "value": "bca:support_tables/redstone_tech",      "weight": 10 },
        { "type": "loot_table", "value": "bca:support_tables/scraps",             "weight": 60 },
        { "type": "item",       "name": "minecraft:air",                                 "weight": 80 }
      ]
    }
  ]
}
