{
	"format_version": "1.12.0",
	"minecraft:geometry": [
		{
			"description": {
				"identifier": "geometry.noivern",
				"texture_width": 256,
				"texture_height": 128,
				"visible_bounds_width": 12,
				"visible_bounds_height": 11,
				"visible_bounds_offset": [0, 2.5, 0]
			},
			"bones": [
				{
					"name": "noivern_mega",
					"pivot": [0, 0, 0]
				},
				{
					"name": "locator_root",
					"parent": "noivern_mega",
					"pivot": [0, 0, 0],
					"locators": {
						"root": [0, 0, 0]
					}
				},
				{
					"name": "locator_top",
					"parent": "noivern_mega",
					"pivot": [0, 62, 0],
					"locators": {
						"top": [0, 62, 0]
					}
				},
				{
					"name": "body",
					"parent": "noivern_mega",
					"pivot": [0, 31, 0]
				},
				{
					"name": "locator_target",
					"parent": "body",
					"pivot": [0, 36, -9],
					"locators": {
						"target": [0, 36, -9]
					}
				},
				{
					"name": "locator_middle",
					"parent": "body",
					"pivot": [0, 33, 0],
					"locators": {
						"middle": [0, 33, 0]
					}
				},
				{
					"name": "hips",
					"parent": "body",
					"pivot": [0, 24, 0]
				},
				{
					"name": "torso",
					"parent": "hips",
					"pivot": [0, 24, 0],
					"cubes": [
						{"origin": [-5, 17, -4], "size": [10, 10, 8], "uv": [0, 0]}
					]
				},
				{
					"name": "torso2",
					"parent": "torso",
					"pivot": [0, 26, 0],
					"rotation": [7.5, 0, 0],
					"cubes": [
						{"origin": [-4, 26, -3.5], "size": [8, 4, 7], "uv": [0, 33]},
						{"origin": [-3.5, 30, -3], "size": [7, 4, 6], "uv": [0, 44]}
					]
				},
				{
					"name": "locator_seat_1",
					"parent": "torso2",
					"pivot": [0, 27, 4],
					"rotation": [-80, 0, 0],
					"locators": {
						"seat_1": [0, 27, 4]
					}
				},
				{
					"name": "torso3",
					"parent": "torso2",
					"pivot": [0, 34, 0],
					"cubes": [
						{"origin": [-4.5, 33, -3.5], "size": [9, 8, 7], "uv": [0, 18]}
					]
				},
				{
					"name": "fluff",
					"parent": "torso3",
					"pivot": [0, 39.25, 0],
					"cubes": [
						{"origin": [-3, 36.35, -3.99], "size": [5, 2, 2], "pivot": [0, 38.35, -3.01], "rotation": [0, 0, 45], "uv": [12, 113]},
						{"origin": [0, 38.35, -3.99], "size": [2, 3, 2], "pivot": [0, 38.35, -3.01], "rotation": [0, 0, 45], "uv": [18, 117]},
						{"origin": [-6, 38.5, -4], "size": [4, 4, 8], "uv": [17, 114]},
						{"origin": [2, 38.5, -4], "size": [4, 4, 8], "uv": [4, 116], "mirror": true},
						{"origin": [-2, 37.5, -5], "size": [4, 4, 8], "uv": [4, 116], "mirror": true},
						{"origin": [-2, 38, -3], "size": [4, 4, 5], "uv": [7, 119], "mirror": true},
						{"origin": [-2, 37.5, -1], "size": [4, 4, 5], "uv": [0, 89], "mirror": true}
					]
				},
				{
					"name": "fluff_back",
					"parent": "fluff",
					"pivot": [0, 37.75, 4],
					"rotation": [-15, 0, 0],
					"cubes": [
						{"origin": [-3.5, 34.75, 2.5], "size": [7, 7, 7], "uv": [0, 98], "mirror": true},
						{"origin": [-3.5, 34.75, 3.5], "size": [0, 7, 4], "pivot": [-3.5, 37.95, 3.49], "rotation": [0, -30, 0], "uv": [59, 116], "mirror": true},
						{"origin": [-3.5, 34.75, 6.5], "size": [0, 7, 4], "pivot": [-3.5, 37.95, 6.49], "rotation": [0, -30, 0], "uv": [50, 116], "mirror": true},
						{"origin": [-3.5, 34.75, 9.5], "size": [0, 7, 4], "pivot": [-3.5, 37.95, 9.49], "rotation": [0, -25, 0], "uv": [41, 116], "mirror": true},
						{"origin": [3.5, 34.75, 3.5], "size": [0, 7, 4], "pivot": [3.5, 37.95, 3.49], "rotation": [0, 30, 0], "uv": [59, 108]},
						{"origin": [3.5, 34.75, 6.5], "size": [0, 7, 4], "pivot": [3.5, 37.95, 6.49], "rotation": [0, 30, 0], "uv": [50, 108]},
						{"origin": [3.5, 34.75, 9.5], "size": [0, 7, 4], "pivot": [3.5, 37.95, 9.49], "rotation": [0, 25, 0], "uv": [41, 108]},
						{"origin": [-3.5, 41.75, 2.5], "size": [7, 0, 4], "pivot": [1.5, 41.75, 2.49], "rotation": [27.5, 0, 0], "uv": [64, 112], "mirror": true},
						{"origin": [-3.5, 41.75, 6.5], "size": [7, 0, 4], "pivot": [1.5, 41.75, 6.49], "rotation": [27.5, 0, 0], "uv": [94, 116], "mirror": true},
						{"origin": [-3.5, 34.75, 6.5], "size": [7, 0, 4], "pivot": [1.5, 34.75, 6.49], "rotation": [-27.5, 0, 0], "uv": [64, 117], "mirror": true},
						{"origin": [-3.5, 41.75, 9.5], "size": [7, 0, 5], "pivot": [1.5, 41.75, 9.49], "rotation": [15, 0, 0], "uv": [78, 113], "mirror": true},
						{"origin": [-3.5, 34.75, 9.5], "size": [7, 0, 5], "pivot": [1.5, 34.75, 9.49], "rotation": [-20, 0, 0], "uv": [63, 122], "mirror": true},
						{"origin": [-3.5, 39.85, 9.5], "size": [7, 0, 8], "pivot": [1.5, 39.85, 8.49], "rotation": [-5, 0, 0], "uv": [75, 119], "mirror": true},
						{"origin": [-3.5, 37.05, 9.5], "size": [7, 0, 6], "pivot": [1.5, 37.05, 8.49], "rotation": [-15, 0, 0], "uv": [92, 121], "mirror": true},
						{"origin": [0, 29.75, 1], "size": [0, 17, 20], "uv": [30, 71]}
					]
				},
				{
					"name": "fluff_back3",
					"parent": "fluff",
					"pivot": [5, 39.25, 1],
					"rotation": [-12.51302, 19.32889, 5.53916],
					"cubes": [
						{"origin": [1.5, 36.25, -0.5], "size": [7, 7, 7], "uv": [0, 98], "mirror": true},
						{"origin": [1.5, 36.25, 0.5], "size": [0, 7, 4], "pivot": [1.5, 39.45, 0.49], "rotation": [0, -30, 0], "uv": [59, 116], "mirror": true},
						{"origin": [1.5, 36.25, 3.5], "size": [0, 7, 4], "pivot": [1.5, 39.45, 3.49], "rotation": [0, -30, 0], "uv": [50, 116], "mirror": true},
						{"origin": [1.5, 36.25, 6.5], "size": [0, 7, 4], "pivot": [1.5, 39.45, 6.49], "rotation": [0, -25, 0], "uv": [41, 116], "mirror": true},
						{"origin": [8.5, 36.25, 0.5], "size": [0, 7, 4], "pivot": [8.5, 39.45, 0.49], "rotation": [0, 30, 0], "uv": [59, 108]},
						{"origin": [8.5, 36.25, 3.5], "size": [0, 7, 4], "pivot": [8.5, 39.45, 3.49], "rotation": [0, 30, 0], "uv": [50, 108]},
						{"origin": [8.5, 36.25, 6.5], "size": [0, 7, 4], "pivot": [8.5, 39.45, 6.49], "rotation": [0, 25, 0], "uv": [41, 108]},
						{"origin": [1.5, 43.25, -0.5], "size": [7, 0, 4], "pivot": [6.5, 43.25, -0.51], "rotation": [27.5, 0, 0], "uv": [64, 112], "mirror": true},
						{"origin": [1.5, 43.25, 3.5], "size": [7, 0, 4], "pivot": [6.5, 43.25, 3.49], "rotation": [27.5, 0, 0], "uv": [94, 116], "mirror": true},
						{"origin": [1.5, 36.25, 3.5], "size": [7, 0, 4], "pivot": [6.5, 36.25, 3.49], "rotation": [-27.5, 0, 0], "uv": [64, 117], "mirror": true},
						{"origin": [1.5, 43.25, 6.5], "size": [7, 0, 5], "pivot": [6.5, 43.25, 6.49], "rotation": [15, 0, 0], "uv": [78, 113], "mirror": true},
						{"origin": [1.5, 36.25, 6.5], "size": [7, 0, 5], "pivot": [6.5, 36.25, 6.49], "rotation": [-20, 0, 0], "uv": [63, 122], "mirror": true},
						{"origin": [1.5, 41.35, 6.5], "size": [7, 0, 8], "pivot": [6.5, 41.35, 5.49], "rotation": [-5, 0, 0], "uv": [75, 119], "mirror": true},
						{"origin": [1.5, 38.55, 6.5], "size": [7, 0, 6], "pivot": [6.5, 38.55, 5.49], "rotation": [-15, 0, 0], "uv": [92, 121], "mirror": true},
						{"origin": [5, 31.25, -2], "size": [0, 17, 20], "uv": [30, 71]}
					]
				},
				{
					"name": "fluff_back2",
					"parent": "fluff",
					"pivot": [-4, 40.25, 0],
					"rotation": [-16.17354, -21.69365, 6.1191],
					"cubes": [
						{"origin": [-7.5, 37.25, -1.5], "size": [7, 7, 7], "uv": [0, 98], "mirror": true},
						{"origin": [-7.5, 37.25, -0.5], "size": [0, 7, 4], "pivot": [-7.5, 40.45, -0.51], "rotation": [0, -30, 0], "uv": [59, 116], "mirror": true},
						{"origin": [-7.5, 37.25, 2.5], "size": [0, 7, 4], "pivot": [-7.5, 40.45, 2.49], "rotation": [0, -30, 0], "uv": [50, 116], "mirror": true},
						{"origin": [-7.5, 37.25, 5.5], "size": [0, 7, 4], "pivot": [-7.5, 40.45, 5.49], "rotation": [0, -25, 0], "uv": [41, 116], "mirror": true},
						{"origin": [-0.5, 37.25, -0.5], "size": [0, 7, 4], "pivot": [-0.5, 40.45, -0.51], "rotation": [0, 30, 0], "uv": [59, 108]},
						{"origin": [-0.5, 37.25, 2.5], "size": [0, 7, 4], "pivot": [-0.5, 40.45, 2.49], "rotation": [0, 30, 0], "uv": [50, 108]},
						{"origin": [-0.5, 37.25, 5.5], "size": [0, 7, 4], "pivot": [-0.5, 40.45, 5.49], "rotation": [0, 25, 0], "uv": [41, 108]},
						{"origin": [-7.5, 44.25, -1.5], "size": [7, 0, 4], "pivot": [-2.5, 44.25, -1.51], "rotation": [27.5, 0, 0], "uv": [64, 112], "mirror": true},
						{"origin": [-7.5, 44.25, 2.5], "size": [7, 0, 4], "pivot": [-2.5, 44.25, 2.49], "rotation": [27.5, 0, 0], "uv": [94, 116], "mirror": true},
						{"origin": [-7.5, 37.25, 2.5], "size": [7, 0, 4], "pivot": [-2.5, 37.25, 2.49], "rotation": [-27.5, 0, 0], "uv": [64, 117], "mirror": true},
						{"origin": [-7.5, 44.25, 5.5], "size": [7, 0, 5], "pivot": [-2.5, 44.25, 5.49], "rotation": [15, 0, 0], "uv": [78, 113], "mirror": true},
						{"origin": [-7.5, 37.25, 5.5], "size": [7, 0, 5], "pivot": [-2.5, 37.25, 5.49], "rotation": [-20, 0, 0], "uv": [63, 122], "mirror": true},
						{"origin": [-7.5, 42.35, 5.5], "size": [7, 0, 8], "pivot": [-2.5, 42.35, 4.49], "rotation": [-5, 0, 0], "uv": [75, 119], "mirror": true},
						{"origin": [-7.5, 39.55, 5.5], "size": [7, 0, 6], "pivot": [-2.5, 39.55, 4.49], "rotation": [-15, 0, 0], "uv": [92, 121], "mirror": true},
						{"origin": [-4, 32.25, -3], "size": [0, 17, 20], "uv": [30, 71]}
					]
				},
				{
					"name": "neck",
					"parent": "torso3",
					"pivot": [0.5, 40.75, 0],
					"cubes": [
						{"origin": [-1.5, 40.5, -1.5], "size": [3, 3, 3], "inflate": 0.01, "uv": [0, 112]}
					]
				},
				{
					"name": "neck2",
					"parent": "neck",
					"pivot": [0.5, 43, 0],
					"cubes": [
						{"origin": [-1.5, 43, -1.5], "size": [3, 4, 3], "uv": [0, 118]}
					]
				},
				{
					"name": "head",
					"parent": "neck2",
					"pivot": [2.5, 45, 0]
				},
				{
					"name": "head_ai",
					"parent": "head",
					"pivot": [2.5, 45, 0]
				},
				{
					"name": "head_angle",
					"parent": "head_ai",
					"pivot": [2.5, 45, 0],
					"cubes": [
						{"origin": [-3.5, 45, -0.5], "size": [7, 6, 3], "inflate": 0.02, "uv": [26, 58]},
						{"origin": [-3.5, 47, -2.53], "size": [7, 3, 2], "inflate": 0.02, "uv": [34, 45]}
					]
				},
				{
					"name": "locator_head",
					"parent": "head_angle",
					"pivot": [0, 51.00004, -4],
					"locators": {
						"head": [0, 51.00004, -4]
					}
				},
				{
					"name": "locator_mouth",
					"parent": "head_angle",
					"pivot": [0, 47.15004, -3.1],
					"locators": {
						"mouth": [0, 47.15004, -3.1],
						"special": [0, 47.15004, -3.1]
					}
				},
				{
					"name": "locator_jaw_upper",
					"parent": "head_angle",
					"pivot": [0, 46, -6.75],
					"rotation": [35, 0, 0],
					"locators": {
						"jaw1": [0, 46, -6.75]
					}
				},
				{
					"name": "locator_item_face",
					"parent": "head_angle",
					"pivot": [0, 46.80004, -8],
					"locators": {
						"item_face": [0, 46.80004, -8]
					}
				},
				{
					"name": "locator_face",
					"parent": "head_angle",
					"pivot": [0, 46.80004, -8],
					"locators": {
						"face": [0, 46.80004, -8]
					}
				},
				{
					"name": "locator_item_hat",
					"parent": "head_angle",
					"pivot": [0, 53.00004, -1.9],
					"rotation": [40, 0, 0],
					"locators": {
						"item_hat": [0, 53.00004, -1.9]
					}
				},
				{
					"name": "jaw",
					"parent": "head_angle",
					"pivot": [0, 47, -1.5],
					"cubes": [
						{"origin": [-3.5, 45, -2.5], "size": [7, 2, 2], "inflate": 0.01, "uv": [34, 50]}
					]
				},
				{
					"name": "locator_jaw_lower",
					"parent": "jaw",
					"pivot": [0, 47, -5.75],
					"locators": {
						"jaw2": {
							"offset": [0, 47, -5.75],
							"rotation": [-90, 0, 0]
						}
					}
				},
				{
					"name": "jaw_rotation",
					"parent": "jaw",
					"pivot": [0, 47.5, -3.95],
					"rotation": [0, -45, 0],
					"cubes": [
						{"origin": [0, 46.5, -5.2], "size": [1, 1, 0], "pivot": [0.5, 47, -4.2], "rotation": [0, 0, 45], "uv": [2, 7]},
						{"origin": [-1.5, 45, -5.45], "size": [5, 2, 5], "uv": [46, 57]},
						{"origin": [-1.25, 46.5, -3.95], "size": [0, 1, 1], "pivot": [-1.25, 47, -3.45], "rotation": [-45, 0, 0], "uv": [0, 6]}
					]
				},
				{
					"name": "head_top",
					"parent": "head_angle",
					"pivot": [2.5, 47, -2.5],
					"rotation": [40, 0, 0],
					"cubes": [
						{"origin": [-4, 47, -2.5], "size": [8, 4, 4], "inflate": 0.01, "uv": [53, 16]},
						{"origin": [2, 49, -3.5], "size": [2, 2, 1], "pivot": [4, 49, -2.5], "rotation": [0, 30, 0], "uv": [36, 3]},
						{"origin": [4, 47, -3.5], "size": [0, 2, 1], "pivot": [4, 47, -2.5], "rotation": [0, 30, 0], "uv": [6, -1]},
						{"origin": [-4, 47, -3.5], "size": [0, 2, 1], "pivot": [-4, 47, -2.5], "rotation": [0, -30, 0], "uv": [0, -1]},
						{"origin": [-4, 49, -3.5], "size": [2, 2, 1], "pivot": [-4, 49, -2.5], "rotation": [0, -30, 0], "uv": [36, 0]}
					]
				},
				{
					"name": "eyes",
					"parent": "head_top",
					"pivot": [0, 50, -6.8855]
				},
				{
					"name": "eye_left",
					"parent": "eyes",
					"pivot": [4, 49, -2.5],
					"cubes": [
						{"origin": [3, 49, -3.5], "size": [1, 2, 1], "inflate": 0.03, "pivot": [4, 49, -2.5], "rotation": [0, 30, 0], "uv": [4, 83]}
					]
				},
				{
					"name": "eye_left_rotation",
					"parent": "eye_left",
					"pivot": [0, 50, -6.8855],
					"rotation": [0, -45, 0],
					"cubes": [
						{"origin": [1.95, 49, -6.8855], "size": [3, 2, 1], "inflate": 0.01, "uv": [8, 74]}
					]
				},
				{
					"name": "pupil_left",
					"parent": "eye_left_rotation",
					"pivot": [3.95, 50, -6.8855],
					"cubes": [
						{"origin": [3.45, 49, -6.8855], "size": [1, 2, 0], "inflate": 0.02, "uv": [4, 78]}
					]
				},
				{
					"name": "locator_eye_left",
					"parent": "pupil_left",
					"pivot": [4, 50, -6.9],
					"locators": {
						"eye2": [4, 50, -6.9]
					}
				},
				{
					"name": "eye_right",
					"parent": "eyes",
					"pivot": [-4, 49, -2.5],
					"cubes": [
						{"origin": [-4, 49, -3.5], "size": [1, 2, 1], "inflate": 0.03, "pivot": [-4, 49, -2.5], "rotation": [0, -30, 0], "uv": [0, 83], "mirror": true}
					]
				},
				{
					"name": "eye_right_rotation",
					"parent": "eye_right",
					"pivot": [0, 50, -6.8855],
					"rotation": [0, 45, 0],
					"cubes": [
						{"origin": [-4.95, 49, -6.8855], "size": [3, 2, 1], "inflate": 0.01, "uv": [0, 74], "mirror": true}
					]
				},
				{
					"name": "pupil_right",
					"parent": "eye_right_rotation",
					"pivot": [-3.95, 50, -6.8855],
					"cubes": [
						{"origin": [-4.45, 49, -6.8855], "size": [1, 2, 0], "inflate": 0.02, "uv": [1, 78], "mirror": true}
					]
				},
				{
					"name": "locator_eye_right",
					"parent": "pupil_right",
					"pivot": [-4, 50, -6.9],
					"locators": {
						"eye1": [-4, 50, -6.9]
					}
				},
				{
					"name": "whisker_left",
					"parent": "head_top",
					"pivot": [4, 47.5, -1],
					"rotation": [-42.5, 12.5, -5],
					"cubes": [
						{"origin": [4, 47, -2], "size": [0, 1, 6], "uv": [49, 32]},
						{"origin": [4, 47, 4], "size": [0, 1, 3], "uv": [52, 35]},
						{"origin": [4, 48, 5], "size": [0, 1, 6], "uv": [81, 46]}
					]
				},
				{
					"name": "whisker_right",
					"parent": "head_top",
					"pivot": [-4, 47.5, -1],
					"rotation": [-42.5, -12.5, 5],
					"cubes": [
						{"origin": [-4, 47, -2], "size": [0, 1, 6], "uv": [49, 31]},
						{"origin": [-4, 47, 4], "size": [0, 1, 3], "uv": [52, 34]},
						{"origin": [-4, 48, 5], "size": [0, 1, 6], "uv": [81, 46]}
					]
				},
				{
					"name": "head_top_rotation",
					"parent": "head_top",
					"pivot": [0, 49, -3.35],
					"rotation": [0, -45, 0],
					"cubes": [
						{"origin": [-2.5, 49, -5.85], "size": [5, 1, 5], "uv": [49, 31]},
						{"origin": [-1.5, 50, -5.85], "size": [4, 1, 5], "uv": [0, 65]},
						{"origin": [-2.5, 50, -4.85], "size": [1, 1, 4], "uv": [59, 0]},
						{"origin": [-2.5, 47, -2.85], "size": [0, 2, 2], "uv": [59, 3]},
						{"origin": [0.5, 47, -5.85], "size": [2, 2, 0], "uv": [63, 5]},
						{"origin": [-2.5, 46, -5.84], "size": [3, 3, 0], "pivot": [-2.5, 49, -5.85], "rotation": [0, 0, -30], "uv": [0, 20]},
						{"origin": [-2.49, 46, -5.85], "size": [0, 3, 3], "pivot": [-2.5, 49, -5.85], "rotation": [30, 0, 0], "uv": [0, 17]}
					]
				},
				{
					"name": "ears",
					"parent": "head_top",
					"pivot": [0, 51, 1.5],
					"rotation": [7.5, 0, 0],
					"cubes": [
						{"origin": [-1, 49, 1.5], "size": [2, 2, 9], "uv": [188, 0]},
						{"origin": [-2, 47, 1.5], "size": [4, 2, 9], "uv": [189, 11]}
					]
				},
				{
					"name": "ear_right",
					"parent": "ears",
					"pivot": [-1, 51, 11.5],
					"rotation": [0, -5, 0],
					"cubes": [
						{"origin": [-10, 49, 0.5], "size": [9, 2, 13], "inflate": 0.01, "uv": [125, 13]},
						{"origin": [-2, 51, 11.5], "size": [-6, -2, -9], "inflate": -0.01, "uv": [231, 11]},
						{"origin": [-9, 46, 1.5], "size": [7, 3, 10], "inflate": 0.01, "uv": [130, 0]},
						{"origin": [-10.5, 49.25, 12.75], "size": [3, 0, 6], "pivot": [-9, 49.25, 15.75], "rotation": [-20.28356, -9.39129, 3.45118], "uv": [149, 3]},
						{"origin": [-3.5, 49.75, 13], "size": [3, 0, 6], "pivot": [-2, 49.75, 16], "rotation": [-20.28356, 9.39129, -3.45118], "uv": [152, 36]}
					]
				},
				{
					"name": "ear_left",
					"parent": "ears",
					"pivot": [1, 51, 11.5],
					"rotation": [0, 5, 0],
					"cubes": [
						{"origin": [1, 49, 0.5], "size": [9, 2, 13], "inflate": 0.01, "uv": [156, 15], "mirror": true},
						{"origin": [8, 51, 11.5], "size": [-6, -2, -9], "inflate": -0.01, "uv": [236, 22], "mirror": true},
						{"origin": [2, 46, 1.5], "size": [7, 3, 10], "inflate": 0.01, "uv": [164, 1], "mirror": true},
						{"origin": [7.5, 49.25, 12.75], "size": [3, 0, 6], "pivot": [9, 49.25, 15.75], "rotation": [-20.28356, 9.39129, -3.45118], "uv": [156, 3], "mirror": true},
						{"origin": [0.5, 49.75, 13], "size": [3, 0, 6], "pivot": [2, 49.75, 16], "rotation": [-20.28356, -9.39129, 3.45118], "uv": [152, 36], "mirror": true}
					]
				},
				{
					"name": "nose",
					"parent": "head_angle",
					"pivot": [0, 47.75, -8],
					"rotation": [-2.5, 0, 0]
				},
				{
					"name": "left_nostril",
					"parent": "nose",
					"pivot": [-0.25, 47.75, -8],
					"rotation": [-25, 10, 21],
					"cubes": [
						{"origin": [0.25, 50.75, -8], "size": [1, 7, 1], "pivot": [0.75, 51.75, -8], "rotation": [-15, 0, 0], "uv": [55, 66]},
						{"origin": [0.25, 57.75, -7.5], "size": [1, 6, 0], "pivot": [0.75, 51.75, -8], "rotation": [-15, 0, 0], "uv": [66, 70]},
						{"origin": [-0.25, 47.75, -8], "size": [2, 4, 1], "uv": [25, 18]},
						{"origin": [0.25, 48.25, -8], "size": [1, 1, 0], "inflate": 0.01, "uv": [64, 67]}
					]
				},
				{
					"name": "middle_nostril",
					"parent": "nose",
					"pivot": [-1, 47.25, -8.25],
					"rotation": [-9.30588, 0, 0],
					"cubes": [
						{"origin": [-0.5, 51.25, -8.25], "size": [1, 2, 1], "pivot": [0, 51.25, -8.25], "rotation": [-15, 0, 0], "uv": [60, 69]},
						{"origin": [-0.5, 52.25, -7.75], "size": [1, 3, 0], "pivot": [0, 51.25, -8.25], "rotation": [-15, 0, 0], "uv": [62, 67]},
						{"origin": [-1, 47.25, -8.25], "size": [2, 4, 1], "uv": [25, 18]}
					]
				},
				{
					"name": "right_nostril",
					"parent": "nose",
					"pivot": [0.25, 47.75, -8],
					"rotation": [-25, -10, -21],
					"cubes": [
						{"origin": [-1.25, 50.75, -8], "size": [1, 7, 1], "pivot": [-0.75, 51.75, -8], "rotation": [-15, 0, 0], "uv": [50, 66]},
						{"origin": [-1.25, 57.75, -7.5], "size": [1, 6, 0], "pivot": [-0.75, 51.75, -8], "rotation": [-15, 0, 0], "uv": [66, 70]},
						{"origin": [-1.75, 47.75, -8], "size": [2, 4, 1], "uv": [31, 18]},
						{"origin": [-1.25, 48.25, -8], "size": [1, 1, 0], "inflate": 0.01, "uv": [64, 68], "mirror": true}
					]
				},
				{
					"name": "tail",
					"parent": "torso",
					"pivot": [0, 22, 3.5],
					"rotation": [-66.5, 0, 0],
					"cubes": [
						{"origin": [-3.5, 17, 0.5], "size": [7, 7, 12], "uv": [156, 37]},
						{"origin": [0, 24, 4.5], "size": [0, 2, 1], "uv": [109, 36]},
						{"origin": [0, 24, 6.5], "size": [0, 2, 1], "uv": [109, 36]},
						{"origin": [0, 24, 8.5], "size": [0, 2, 1], "uv": [109, 36]},
						{"origin": [0, 24, 10.5], "size": [0, 2, 1], "uv": [109, 36]},
						{"origin": [0, 24, 2.5], "size": [0, 3, 1], "uv": [109, 36]},
						{"origin": [0, 24, 0.5], "size": [0, 4, 1], "uv": [109, 36]}
					]
				},
				{
					"name": "tail2",
					"parent": "tail",
					"pivot": [0, 20.5, 11.5],
					"cubes": [
						{"origin": [-3, 17.5, 12.5], "size": [6, 6, 13], "uv": [119, 52]},
						{"origin": [0, 22.5, 20.5], "size": [0, 3, 1], "uv": [109, 37]},
						{"origin": [0, 22.5, 22.5], "size": [0, 3, 1], "uv": [109, 37]},
						{"origin": [0, 22.5, 18.5], "size": [0, 3, 1], "uv": [109, 37]},
						{"origin": [0, 22.5, 16.5], "size": [0, 3, 1], "uv": [109, 37]},
						{"origin": [0, 22.5, 14.5], "size": [0, 3, 1], "uv": [109, 37]}
					]
				},
				{
					"name": "tail3",
					"parent": "tail2",
					"pivot": [0, 20.5, 21.5],
					"cubes": [
						{"origin": [-2.5, 18, 25.5], "size": [5, 5, 10], "uv": [122, 37]},
						{"origin": [0, 19, 30.5], "size": [0, 5, 1], "uv": [109, 37]},
						{"origin": [0, 19, 28.5], "size": [0, 5, 1], "uv": [109, 38]},
						{"origin": [0, 19, 26.5], "size": [0, 5, 1], "uv": [109, 38]},
						{"origin": [0, 19, 32.5], "size": [0, 5, 1], "uv": [109, 37]}
					]
				},
				{
					"name": "tail4",
					"parent": "tail3",
					"pivot": [0, 20, 34.5],
					"cubes": [
						{"origin": [-2, 18, 34.5], "size": [4, 4, 9], "uv": [17, 45]},
						{"origin": [0, 18, 38.5], "size": [0, 5, 1], "uv": [109, 39]},
						{"origin": [0, 18, 36.5], "size": [0, 5, 1], "uv": [109, 39]},
						{"origin": [0, 18, 40.5], "size": [0, 5, 1], "uv": [109, 39]}
					]
				},
				{
					"name": "locator_tail",
					"parent": "tail4",
					"pivot": [0, 20, 41.5],
					"rotation": [-180, 0, 180],
					"locators": {
						"tail": [0, 20, 41.5]
					}
				},
				{
					"name": "twin_tail1",
					"parent": "tail4",
					"pivot": [0, 19.5, 42.5],
					"cubes": [
						{"origin": [-1.5, 18, 42.5], "size": [3, 3, 9], "uv": [43, 45]},
						{"origin": [0, 21, 46.5], "size": [0, 1, 1], "uv": [109, 37]},
						{"origin": [0, 21, 44.5], "size": [0, 1, 1], "uv": [109, 37]},
						{"origin": [0, 21, 48.5], "size": [0, 1, 1], "uv": [109, 37]}
					]
				},
				{
					"name": "tail6",
					"parent": "twin_tail1",
					"pivot": [0, 19, 50.5],
					"cubes": [
						{"origin": [-1, 18, 50.5], "size": [2, 2, 9], "inflate": 0.01, "uv": [0, 54]},
						{"origin": [0, 20, 54.5], "size": [0, 1, 1], "inflate": 0.01, "uv": [109, 39]},
						{"origin": [0, 20, 52.5], "size": [0, 1, 1], "inflate": 0.01, "uv": [109, 39]},
						{"origin": [0, 20, 56.5], "size": [0, 1, 1], "inflate": 0.01, "uv": [109, 39]}
					]
				},
				{
					"name": "tail7",
					"parent": "tail6",
					"pivot": [0, 19, 58.5],
					"cubes": [
						{"origin": [-1, 18, 58.5], "size": [2, 2, 9], "uv": [13, 58]},
						{"origin": [0, 20, 62.5], "size": [0, 1, 1], "uv": [109, 39]},
						{"origin": [0, 20, 64.5], "size": [0, 1, 1], "uv": [109, 39]},
						{"origin": [0, 20, 60.5], "size": [0, 1, 1], "uv": [109, 39]},
						{"origin": [-0.5, 18, 62.5], "size": [1, 0, 4], "inflate": 0.01, "uv": [9, 54]}
					]
				},
				{
					"name": "tail8",
					"parent": "tail7",
					"pivot": [0, 19, 66.5],
					"cubes": [
						{"origin": [0, 18, 66.5], "size": [0, 6, 11], "uv": [22, 63]},
						{"origin": [0, 18, 66.5], "size": [0, 6, 11], "uv": [22, 63]}
					]
				},
				{
					"name": "locator_tail_tip",
					"parent": "tail8",
					"pivot": [0, 18.5, 77.5],
					"rotation": [-180, 0, 180],
					"locators": {
						"tail_tip": [0, 18.5, 77.5]
					}
				},
				{
					"name": "ftorso2",
					"parent": "hips",
					"pivot": [0, 26, 0]
				},
				{
					"name": "ftorso3",
					"parent": "ftorso2",
					"pivot": [0, 34, 0]
				},
				{
					"name": "arms",
					"parent": "ftorso3",
					"pivot": [0.5, 38, 0.5]
				},
				{
					"name": "shoulder_left",
					"parent": "arms",
					"pivot": [4.5, 38, 0.5],
					"rotation": [10, 0, 0],
					"cubes": [
						{"origin": [3.5, 36, -1.5], "size": [4, 4, 4], "uv": [60, 38], "mirror": true}
					]
				},
				{
					"name": "shoulder_membrane_left",
					"parent": "shoulder_left",
					"pivot": [7.5, 36, 0.5],
					"cubes": [
						{"origin": [3.5, 24, 0.5], "size": [5, 13, 0], "uv": [135, 86], "mirror": true}
					]
				},
				{
					"name": "arm_left",
					"parent": "shoulder_left",
					"pivot": [7.5, 38, 0.5],
					"cubes": [
						{"origin": [6.5, 36.5, -1], "size": [10, 3, 3], "uv": [79, 32], "mirror": true}
					]
				},
				{
					"name": "arm_membrane_left",
					"parent": "arm_left",
					"pivot": [16, 36, 0.5],
					"cubes": [
						{"origin": [7.5, 25, 0.5], "size": [9, 12, 0], "inflate": 0.01, "uv": [127, 115], "mirror": true}
					]
				},
				{
					"name": "arm_membrane_hidden_left",
					"parent": "arm_membrane_left",
					"pivot": [16.5, 28, 0.5],
					"cubes": [
						{"origin": [13.5, 27, 0.5], "size": [7, 11, 0], "inflate": 0.01, "uv": [120, 88], "mirror": true}
					]
				},
				{
					"name": "elbow_left",
					"parent": "arm_left",
					"pivot": [16.5, 38, 0.5],
					"cubes": [
						{"origin": [15.5, 37, -0.5], "size": [18, 2, 2], "pivot": [16.5, 38, 0.5], "rotation": [0, 0, -40], "uv": [64, 24], "mirror": true},
						{"origin": [15.5, 39.025, 0], "size": [18, 0, 1], "pivot": [16.5, 38, 0.5], "rotation": [0, 0, -40], "uv": [80, 54], "mirror": true}
					]
				},
				{
					"name": "wing_trim_inner_left",
					"parent": "elbow_left",
					"pivot": [30, 49, 0.25],
					"rotation": [0, 0, 7.5],
					"cubes": [
						{"origin": [30, 35, -0.5], "size": [0, 14, 1], "uv": [238, -1], "mirror": true}
					]
				},
				{
					"name": "wing_trim_inner_left2",
					"parent": "wing_trim_inner_left",
					"pivot": [30, 35, 0.65],
					"cubes": [
						{"origin": [30, 15, -2], "size": [0, 23, 4], "pivot": [30, 35, 0.65], "rotation": [0, 0, -7.5], "uv": [248, 33], "mirror": true}
					]
				},
				{
					"name": "elbow_membrane_left",
					"parent": "elbow_left",
					"pivot": [16.5, 38, 0.5],
					"cubes": [
						{"origin": [16.5, 23, 0.5], "size": [13, 25, 0], "inflate": 0.02, "uv": [189, 102], "mirror": true}
					]
				},
				{
					"name": "elbow_membrane_hidden_left",
					"parent": "elbow_membrane_left",
					"pivot": [16.5, 36, 0.5],
					"cubes": [
						{"origin": [8.5, 27, 0.5], "size": [8, 9, 0], "inflate": 0.015, "uv": [199, 64], "mirror": true}
					]
				},
				{
					"name": "elbow_membrane_hidden_left2",
					"parent": "elbow_membrane_left",
					"pivot": [29.5, 23, 0.5],
					"cubes": [
						{"origin": [29.5, 23, 0.5], "size": [7, 25, 0], "uv": [159, 102], "mirror": true}
					]
				},
				{
					"name": "hand_left",
					"parent": "elbow_left",
					"pivot": [29.5, 48.75, 0.5],
					"cubes": [
						{"origin": [29, 47.75, -0.5], "size": [4, 2, 2], "inflate": 0.01, "uv": [156, 18], "mirror": true}
					]
				},
				{
					"name": "locator_hand_secondary",
					"parent": "hand_left",
					"pivot": [31, 49.75, 0.5],
					"rotation": [0, -90, 0],
					"locators": {
						"hand_secondary": [31, 49.75, 0.5]
					}
				},
				{
					"name": "hand_membrane_left",
					"parent": "hand_left",
					"pivot": [29.5, 48, 1.5],
					"cubes": [
						{"origin": [29.5, 22, 0.5], "size": [3, 26, 0], "inflate": 0.01, "uv": [250, 0], "mirror": true}
					]
				},
				{
					"name": "hand_membrane_hidden_left",
					"parent": "hand_membrane_left",
					"pivot": [32.5, 21, 1.5],
					"cubes": [
						{"origin": [32.5, 22, 0.5], "size": [6, 26, 0], "uv": [175, 101], "mirror": true}
					]
				},
				{
					"name": "fingers_left",
					"parent": "hand_left",
					"pivot": [31, 49.75, 0.5]
				},
				{
					"name": "finger_outer_left",
					"parent": "fingers_left",
					"pivot": [32, 49.5, 0.5],
					"rotation": [0, 0, 12.5],
					"cubes": [
						{"origin": [31.5, 49.25, 0], "size": [1, 3, 1], "inflate": 0.01, "uv": [71, 54], "mirror": true}
					]
				},
				{
					"name": "finger_outer_left2",
					"parent": "finger_outer_left",
					"pivot": [32, 52, 0.5],
					"cubes": [
						{"origin": [32, 52, 0], "size": [0, 3, 1], "uv": [76, 49], "mirror": true},
						{"origin": [32, 54, -1], "size": [0, 1, 1], "uv": [76, 49], "mirror": true}
					]
				},
				{
					"name": "finger_inner_left",
					"parent": "fingers_left",
					"pivot": [30, 49.5, 0.5],
					"rotation": [0, 0, -12.5],
					"cubes": [
						{"origin": [29.5, 49.25, 0], "size": [1, 3, 1], "inflate": 0.01, "uv": [72, 38], "mirror": true}
					]
				},
				{
					"name": "finger_inner_left2",
					"parent": "finger_inner_left",
					"pivot": [30, 52, 0.5],
					"cubes": [
						{"origin": [30, 52, 0], "size": [0, 3, 1], "uv": [76, 46], "mirror": true},
						{"origin": [30, 54, -1], "size": [0, 1, 1], "uv": [76, 46], "mirror": true}
					]
				},
				{
					"name": "finger_middle_left",
					"parent": "fingers_left",
					"pivot": [31, 49.5, 0.5],
					"cubes": [
						{"origin": [30.5, 49.25, 0], "size": [1, 3, 1], "inflate": 0.01, "uv": [60, 38], "mirror": true}
					]
				},
				{
					"name": "finger_middle_left2",
					"parent": "finger_middle_left",
					"pivot": [31, 52, 0.5],
					"cubes": [
						{"origin": [31, 52, 0], "size": [0, 3, 1], "uv": [76, 43], "mirror": true},
						{"origin": [31, 54, -1], "size": [0, 1, 1], "uv": [76, 43], "mirror": true}
					]
				},
				{
					"name": "wing_end_left",
					"parent": "hand_left",
					"pivot": [32.5, 48.75, 0.5],
					"cubes": [
						{"origin": [32.25, 47.75, 0], "size": [13, 2, 1], "pivot": [32.5, 48.75, 0.5], "rotation": [0, 0, 40], "uv": [106, 29], "mirror": true}
					]
				},
				{
					"name": "locator_wing_left",
					"parent": "wing_end_left",
					"pivot": [34, 47.25, 0.5],
					"rotation": [0, -90, 35],
					"locators": {
						"wing2": [34, 47.25, 0.5]
					}
				},
				{
					"name": "wing_trim_outer_left",
					"parent": "wing_end_left",
					"pivot": [31.75, 49, 0.25],
					"rotation": [0, 0, -10],
					"cubes": [
						{"origin": [31.75, 35, -0.5], "size": [0, 14, 1], "uv": [242, -1], "mirror": true}
					]
				},
				{
					"name": "wing_trim_outer_left2",
					"parent": "wing_trim_outer_left",
					"pivot": [31.75, 35, 0.65],
					"cubes": [
						{"origin": [31.75, 11, -2], "size": [0, 24, 4], "pivot": [31.75, 35, 0.65], "rotation": [0, 0, 10], "uv": [248, 33], "mirror": true}
					]
				},
				{
					"name": "wing_end_membrane_left",
					"parent": "wing_end_left",
					"pivot": [32.5, 48, 0.5],
					"cubes": [
						{"origin": [32.5, 17, 0.5], "size": [9, 31, 0], "inflate": 0.015, "uv": [237, 63], "mirror": true}
					]
				},
				{
					"name": "wing_end_membrane_hidden_left",
					"parent": "wing_end_membrane_left",
					"pivot": [41.5, 40, 1.5],
					"cubes": [
						{"origin": [41.5, 17, 0.5], "size": [5, 24, 0], "inflate": 0.01, "uv": [147, 103], "mirror": true}
					]
				},
				{
					"name": "wing_tip_left",
					"parent": "wing_end_left",
					"pivot": [41.5, 41.25, 0.5],
					"cubes": [
						{"origin": [42, 39.75, 0.5], "size": [10, 2, 0], "inflate": 0.05, "pivot": [42, 40.75, 1.5], "rotation": [0, 0, 60], "uv": [135, 35], "mirror": true},
						{"origin": [46.25, 32, 0.5], "size": [38, 1, 0], "inflate": 0.025, "pivot": [46.75, 32.5, 1.5], "rotation": [0, 0, 82.5], "uv": [135, 32], "mirror": true}
					]
				},
				{
					"name": "wing_tim_membrane_left",
					"parent": "wing_tip_left",
					"pivot": [41.5, 40, 0.5],
					"cubes": [
						{"origin": [41.5, 6, 0.5], "size": [9, 34, 0], "inflate": 0.02, "uv": [217, 57], "mirror": true}
					]
				},
				{
					"name": "shoulder_right",
					"parent": "arms",
					"pivot": [-4.5, 38, 0.5],
					"rotation": [10, 0, 0],
					"cubes": [
						{"origin": [-7.5, 36, -1.5], "size": [4, 4, 4], "uv": [60, 46]}
					]
				},
				{
					"name": "shoulder_membrane_right",
					"parent": "shoulder_right",
					"pivot": [-7.5, 36, 0.5],
					"cubes": [
						{"origin": [-8.5, 24, 0.5], "size": [5, 13, 0], "uv": [135, 71]}
					]
				},
				{
					"name": "arm_right",
					"parent": "shoulder_right",
					"pivot": [-7.5, 38, 0.5],
					"cubes": [
						{"origin": [-16.5, 36.5, -1], "size": [10, 3, 3], "uv": [79, 38]}
					]
				},
				{
					"name": "arm_membrane_right",
					"parent": "arm_right",
					"pivot": [-16, 36, 0.5],
					"cubes": [
						{"origin": [-16.5, 25, 0.5], "size": [9, 12, 0], "inflate": 0.01, "uv": [127, 101]}
					]
				},
				{
					"name": "arm_membrane_hidden_right",
					"parent": "arm_membrane_right",
					"pivot": [-16.5, 28, 0.5],
					"cubes": [
						{"origin": [-20.5, 27, 0.5], "size": [7, 11, 0], "inflate": 0.01, "uv": [120, 75]}
					]
				},
				{
					"name": "elbow_right",
					"parent": "arm_right",
					"pivot": [-16.5, 38, 0.5],
					"cubes": [
						{"origin": [-33.5, 37, -0.5], "size": [18, 2, 2], "pivot": [-16.5, 38, 0.5], "rotation": [0, 0, 40], "uv": [64, 28]},
						{"origin": [-33.5, 39.025, 0], "size": [18, 0, 1], "pivot": [-16.5, 38, 0.5], "rotation": [0, 0, 40], "uv": [80, 54]}
					]
				},
				{
					"name": "wing_trim_inner_right",
					"parent": "elbow_right",
					"pivot": [-30, 49, 0.25],
					"rotation": [0, 0, -7.5],
					"cubes": [
						{"origin": [-30, 35, -0.5], "size": [0, 14, 1], "uv": [236, -1]}
					]
				},
				{
					"name": "wing_trim_inner_right2",
					"parent": "wing_trim_inner_right",
					"pivot": [-30, 35, 0.65],
					"cubes": [
						{"origin": [-30, 15, -2], "size": [0, 23, 4], "pivot": [-30, 35, 0.65], "rotation": [0, 0, 7.5], "uv": [241, 33]}
					]
				},
				{
					"name": "elbow_membrane_right",
					"parent": "elbow_right",
					"pivot": [-16.5, 38, 0.5],
					"cubes": [
						{"origin": [-29.5, 23, 0.5], "size": [13, 25, 0], "inflate": 0.02, "uv": [189, 75]}
					]
				},
				{
					"name": "elbow_membrane_hidden_right",
					"parent": "elbow_membrane_right",
					"pivot": [-16.5, 36, 0.5],
					"cubes": [
						{"origin": [-16.5, 27, 0.5], "size": [8, 9, 0], "inflate": 0.015, "uv": [199, 53]}
					]
				},
				{
					"name": "elbow_membrane_hidden_right2",
					"parent": "elbow_membrane_right",
					"pivot": [-29.5, 23, 0.5],
					"cubes": [
						{"origin": [-36.5, 23, 0.5], "size": [7, 25, 0], "uv": [159, 75]}
					]
				},
				{
					"name": "hand_right",
					"parent": "elbow_right",
					"pivot": [-29.5, 48.75, 0.5],
					"cubes": [
						{"origin": [-33, 47.75, -0.5], "size": [4, 2, 2], "inflate": 0.01, "uv": [156, 14]}
					]
				},
				{
					"name": "locator_hand_primary",
					"parent": "hand_right",
					"pivot": [-31, 49.75, 0.5],
					"rotation": [0, 90, 0],
					"locators": {
						"hand_primary": [-31, 49.75, 0.5],
						"physical": [-31, 49.75, 0.5]
					}
				},
				{
					"name": "locator_item",
					"parent": "hand_right",
					"pivot": [-31, 49.75, 0.5],
					"locators": {
						"item": [-31, 49.75, 0.5]
					}
				},
				{
					"name": "hand_membrane_right",
					"parent": "hand_right",
					"pivot": [-29.5, 48, 1.5],
					"cubes": [
						{"origin": [-32.5, 22, 0.5], "size": [3, 26, 0], "inflate": 0.01, "uv": [244, 0]}
					]
				},
				{
					"name": "hand_membrane_hidden_right",
					"parent": "hand_membrane_right",
					"pivot": [-32.5, 21, 1.5],
					"cubes": [
						{"origin": [-38.5, 22, 0.5], "size": [6, 26, 0], "uv": [175, 73]}
					]
				},
				{
					"name": "fingers_right",
					"parent": "hand_right",
					"pivot": [-31, 49.75, 0.5]
				},
				{
					"name": "finger_outer_right",
					"parent": "fingers_right",
					"pivot": [-32, 49.5, 0.5],
					"rotation": [0, 0, -12.5],
					"cubes": [
						{"origin": [-32.5, 49.25, 0], "size": [1, 3, 1], "inflate": 0.01, "uv": [67, 54]}
					]
				},
				{
					"name": "finger_outer_right2",
					"parent": "finger_outer_right",
					"pivot": [-32, 52, 0.5],
					"cubes": [
						{"origin": [-32, 52, 0], "size": [0, 3, 1], "uv": [76, 52]},
						{"origin": [-32, 54, -1], "size": [0, 1, 1], "uv": [76, 52]}
					]
				},
				{
					"name": "finger_inner_right",
					"parent": "fingers_right",
					"pivot": [-30, 49.5, 0.5],
					"rotation": [0, 0, 12.5],
					"cubes": [
						{"origin": [-30.5, 49.25, 0], "size": [1, 3, 1], "inflate": 0.01, "uv": [72, 46]}
					]
				},
				{
					"name": "finger_inner_right2",
					"parent": "finger_inner_right",
					"pivot": [-30, 52, 0.5],
					"cubes": [
						{"origin": [-30, 52, 0], "size": [0, 3, 1], "uv": [76, 40]},
						{"origin": [-30, 54, -1], "size": [0, 1, 1], "uv": [76, 40]}
					]
				},
				{
					"name": "finger_middle_right",
					"parent": "fingers_right",
					"pivot": [-31, 49.5, 0.5],
					"cubes": [
						{"origin": [-31.5, 49.25, 0], "size": [1, 3, 1], "inflate": 0.01, "uv": [60, 46]}
					]
				},
				{
					"name": "finger_middle_right2",
					"parent": "finger_middle_right",
					"pivot": [-31, 52, 0.5],
					"cubes": [
						{"origin": [-31, 52, 0], "size": [0, 3, 1], "uv": [76, 37]},
						{"origin": [-31, 54, -1], "size": [0, 1, 1], "uv": [76, 37]}
					]
				},
				{
					"name": "wing_end_right",
					"parent": "hand_right",
					"pivot": [-32.5, 48.75, 0.5],
					"cubes": [
						{"origin": [-45.25, 47.75, 0], "size": [13, 2, 1], "pivot": [-32.5, 48.75, 0.5], "rotation": [0, 0, -40], "uv": [106, 32]}
					]
				},
				{
					"name": "locator_wing_right",
					"parent": "wing_end_right",
					"pivot": [-34, 47.25, 0.5],
					"rotation": [0, 90, -35],
					"locators": {
						"wing1": [-34, 47.25, 0.5]
					}
				},
				{
					"name": "wing_trim_outer_right",
					"parent": "wing_end_right",
					"pivot": [-31.75, 49, 0.25],
					"rotation": [0, 0, 10],
					"cubes": [
						{"origin": [-31.75, 35, -0.5], "size": [0, 14, 1], "uv": [240, -1]}
					]
				},
				{
					"name": "wing_trim_outer_right2",
					"parent": "wing_trim_outer_right",
					"pivot": [-31.75, 35, 0.65],
					"cubes": [
						{"origin": [-31.75, 11, -2], "size": [0, 24, 4], "pivot": [-31.75, 35, 0.65], "rotation": [0, 0, -10], "uv": [241, 33]}
					]
				},
				{
					"name": "wing_end_membrane_right",
					"parent": "wing_end_right",
					"pivot": [-32.5, 48, 0.5],
					"cubes": [
						{"origin": [-41.5, 17, 0.5], "size": [9, 31, 0], "inflate": 0.015, "uv": [237, 63]},
						{"origin": [-41.5, 17, 0.5], "size": [9, 31, 0], "inflate": 0.015, "uv": [237, 63]}
					]
				},
				{
					"name": "wing_end_membrane_hidden_right",
					"parent": "wing_end_membrane_right",
					"pivot": [-47.5, 15, 1.5],
					"cubes": [
						{"origin": [-46.5, 17, 0.5], "size": [5, 24, 0], "inflate": 0.01, "uv": [147, 77]}
					]
				},
				{
					"name": "wing_tip_right",
					"parent": "wing_end_right",
					"pivot": [-41.5, 41.25, 0.5],
					"cubes": [
						{"origin": [-52, 39.75, 0.5], "size": [10, 2, 0], "inflate": 0.05, "pivot": [-42, 40.75, 1.5], "rotation": [0, 0, -60], "uv": [135, 33]},
						{"origin": [-84.25, 32, 0.5], "size": [38, 1, 0], "inflate": 0.025, "pivot": [-46.75, 32.5, 1.5], "rotation": [0, 0, -82.5], "uv": [125, 31]}
					]
				},
				{
					"name": "wing_tim_membrane_right",
					"parent": "wing_tip_right",
					"pivot": [-41.5, 40, 0.5],
					"cubes": [
						{"origin": [-50.5, 6, 0.5], "size": [9, 34, 0], "inflate": 0.02, "uv": [217, 57]}
					]
				},
				{
					"name": "legs",
					"parent": "body",
					"pivot": [0, 23.75, -1.25]
				},
				{
					"name": "leg_left",
					"parent": "legs",
					"pivot": [5, 23.75, -1.25],
					"rotation": [62.5, -22.5, -22.5],
					"cubes": [
						{"origin": [2.5, 19.75, -6], "size": [6, 6, 8], "uv": [96, 0]},
						{"origin": [3, 21, -11], "size": [5, 4, 5], "uv": [97, 14]}
					]
				},
				{
					"name": "knee_left",
					"parent": "leg_left",
					"pivot": [5.5, 25, -11],
					"rotation": [-25, 0, 0],
					"cubes": [
						{"origin": [4.5, 15, -10.5], "size": [2, 5, 2], "uv": [28, 0]},
						{"origin": [4, 20, -11], "size": [3, 5, 3], "uv": [128, 0]},
						{"origin": [4.5, 22.25, -12], "size": [2, 2, 1], "pivot": [5.5, 23.25, -11.5], "rotation": [0, 0, 45], "uv": [206, 27]}
					]
				},
				{
					"name": "foot_left",
					"parent": "knee_left",
					"pivot": [5.5, 15.5, -9.5],
					"rotation": [25, 0, 0],
					"cubes": [
						{"origin": [4.5, 13.5, -10.5], "size": [2, 2, 2], "inflate": 0.25, "uv": [68, 4]}
					]
				},
				{
					"name": "foot_left2",
					"parent": "foot_left",
					"pivot": [5.5, 14.25, -10.5],
					"rotation": [5, 0, 0],
					"cubes": [
						{"origin": [4.5, 13.25, -13.5], "size": [2, 2, 3], "uv": [112, 14]}
					]
				},
				{
					"name": "foot_left3",
					"parent": "foot_left2",
					"pivot": [5.5, 14.25, -13],
					"rotation": [-12.5, 0, 0],
					"cubes": [
						{"origin": [4, 13.25, -15], "size": [3, 2, 2], "uv": [90, 4]}
					]
				},
				{
					"name": "locator_foot_secondary",
					"parent": "foot_left3",
					"pivot": [5.5, 14, -14],
					"rotation": [90, 0, 0],
					"locators": {
						"foot_secondary": [5.5, 14, -14]
					}
				},
				{
					"name": "toe_inner_left",
					"parent": "foot_left3",
					"pivot": [4.5, 15, -14.75],
					"rotation": [-27.5, 20, 0],
					"cubes": [
						{"origin": [4, 13.5, -17.25], "size": [1, 2, 3], "uv": [128, 18]}
					]
				},
				{
					"name": "toe_inner_left2",
					"parent": "toe_inner_left",
					"pivot": [4.5, 15.5, -17.25],
					"rotation": [22.5, 0, 0],
					"cubes": [
						{"origin": [4.5, 13.5, -21.25], "size": [0, 2, 4], "uv": [88, 44]},
						{"origin": [4.5, 13.5, -23.25], "size": [0, 1, 2], "uv": [90, 46]}
					]
				},
				{
					"name": "toe_outer_left",
					"parent": "foot_left3",
					"pivot": [6.5, 15, -14.75],
					"rotation": [-27.5, -20, 0],
					"cubes": [
						{"origin": [6, 13.5, -17.25], "size": [1, 2, 3], "uv": [123, 20]}
					]
				},
				{
					"name": "toe_outer_left2",
					"parent": "toe_outer_left",
					"pivot": [6.5, 15.5, -17.25],
					"rotation": [22.5, 0, 0],
					"cubes": [
						{"origin": [6.5, 13.5, -21.25], "size": [0, 2, 4], "uv": [79, 44]},
						{"origin": [6.5, 13.5, -23.25], "size": [0, 1, 2], "uv": [81, 46]}
					]
				},
				{
					"name": "heel_left",
					"parent": "foot_left",
					"pivot": [5.5, 13.25, -8.25],
					"rotation": [-15, 0, 0],
					"cubes": [
						{"origin": [5, 12, -9.5], "size": [1, 1, 1], "inflate": 0.25, "uv": [98, 0]},
						{"origin": [5, 10.5, -9.5], "size": [1, 1, 1], "inflate": 0.25, "uv": [98, 4]}
					]
				},
				{
					"name": "leg_right",
					"parent": "legs",
					"pivot": [-5, 23.75, -1.25],
					"rotation": [62.5, 22.5, 22.5],
					"cubes": [
						{"origin": [-8.5, 19.75, -6], "size": [6, 6, 8], "uv": [68, 0]},
						{"origin": [-8, 21, -11], "size": [5, 4, 5], "uv": [77, 14]}
					]
				},
				{
					"name": "knee_right",
					"parent": "leg_right",
					"pivot": [-5.5, 25, -11],
					"rotation": [-25, 0, 0],
					"cubes": [
						{"origin": [-6.5, 15, -10.5], "size": [2, 5, 2], "uv": [0, 0]},
						{"origin": [-7, 20, -11], "size": [3, 5, 3], "uv": [116, 0]},
						{"origin": [-6.5, 22.25, -12], "size": [2, 2, 3], "pivot": [-5.5, 23.25, -10.5], "rotation": [0, 0, 45], "uv": [204, 25]}
					]
				},
				{
					"name": "foot_right",
					"parent": "knee_right",
					"pivot": [-5.5, 15.5, -9.5],
					"rotation": [25, 0, 0],
					"cubes": [
						{"origin": [-6.5, 13.5, -10.5], "size": [2, 2, 2], "inflate": 0.25, "uv": [68, 0]}
					]
				},
				{
					"name": "foot_right2",
					"parent": "foot_right",
					"pivot": [-5.5, 14.25, -10.5],
					"rotation": [5, 0, 0],
					"cubes": [
						{"origin": [-6.5, 13.25, -13.5], "size": [2, 2, 3], "uv": [92, 14]}
					]
				},
				{
					"name": "foot_right3",
					"parent": "foot_right2",
					"pivot": [-5.5, 14.25, -13],
					"rotation": [-12.5, 0, 0],
					"cubes": [
						{"origin": [-7, 13.25, -15], "size": [3, 2, 2], "uv": [90, 0]}
					]
				},
				{
					"name": "locator_foot_primary",
					"parent": "foot_right3",
					"pivot": [-5.5, 14, -14],
					"rotation": [90, 0, 0],
					"locators": {
						"foot_primary": [-5.5, 14, -14]
					}
				},
				{
					"name": "toe_inner_right",
					"parent": "foot_right3",
					"pivot": [-4.5, 15, -14.75],
					"rotation": [-27.5, -20, 0],
					"cubes": [
						{"origin": [-5, 13.5, -17.25], "size": [1, 2, 3], "uv": [123, 15]}
					]
				},
				{
					"name": "toe_inner_right2",
					"parent": "toe_inner_right",
					"pivot": [-4.5, 15.5, -17.25],
					"rotation": [22.5, 0, 0],
					"cubes": [
						{"origin": [-4.5, 13.5, -21.25], "size": [0, 2, 4], "uv": [88, 41]},
						{"origin": [-4.5, 13.5, -23.25], "size": [0, 1, 2], "uv": [90, 43]}
					]
				},
				{
					"name": "toe_outer_right",
					"parent": "foot_right3",
					"pivot": [-6.5, 15, -14.75],
					"rotation": [-27.5, 20, 0],
					"cubes": [
						{"origin": [-7, 13.5, -17.25], "size": [1, 2, 3], "uv": [128, 13]}
					]
				},
				{
					"name": "toe_outer_right2",
					"parent": "toe_outer_right",
					"pivot": [-6.5, 15.5, -17.25],
					"rotation": [22.5, 0, 0],
					"cubes": [
						{"origin": [-6.5, 13.5, -21.25], "size": [0, 2, 4], "uv": [79, 41]},
						{"origin": [-6.5, 13.5, -23.25], "size": [0, 1, 2], "uv": [81, 43]}
					]
				},
				{
					"name": "heel_right",
					"parent": "foot_right",
					"pivot": [-5.5, 13.25, -8.25],
					"rotation": [-15, 0, 0],
					"cubes": [
						{"origin": [-6, 12, -9.5], "size": [1, 1, 1], "inflate": 0.25, "uv": [88, 0]},
						{"origin": [-6, 10.5, -9.5], "size": [1, 1, 1], "inflate": 0.25, "uv": [88, 4]}
					]
				}
			]
		}
	]
}