{
  "target": "cobblemon:greninja",
  "features": ["mega_evolution"],
  "evolutions": [],
  "forms": [
    { "name": "Mega-Bond",
      "primaryType": "Water",
      "secondaryType": "Dark",
      "labels": [
          "gen7",
          "mega"
      ],
      "aspects": [
          "bond",
          "mega"
      ],
      "abilities": [
        "megabattlebond",
        "h:megabattlebond"
      ],
      "baseStats": {
        "hp": 72,
        "attack": 125,
        "defence": 77,
        "special_attack": 133,
        "special_defence": 81,
        "speed": 142
      },
      "evolutions": [],
      "battleOnly": true
    },
    { "name": "Mega-Ash",
      "primaryType": "Water",
      "secondaryType": "Dark",
      "pokedex": [
          "cobblemon.species.greninja-ash-mega.desc"
      ],
      "labels": [
          "gen7",
          "mega"
      ],
      "aspects": [
          "mega",
          "ash"
      ],
      "abilities": [
        "unseenshinobi",
        "h:unseenshinobi"
      ],
      "baseStats": {
          "hp": 72,
          "attack": 145,
          "defence": 77,
          "special_attack": 153,
          "special_defence": 81,
          "speed": 142
      },
      "evolutions": [],
      "battleOnly": true
    }
  ]
}
