{
  "type": "minecraft:chest",
  "pools": [
    {
      "rolls": 1,
      "entries": [
        { "type": "item", "name": "minecraft:disc_fragment_5", "weight": 12 },
        { "type": "item", "name": "minecraft:music_disc_11", "weight": 1 },
        { "type": "item", "name": "minecraft:music_disc_13", "weight": 1 },
        { "type": "item", "name": "minecraft:music_disc_5", "weight": 1 },
        { "type": "item", "name": "minecraft:music_disc_blocks", "weight": 1 },
        { "type": "item", "name": "minecraft:music_disc_cat", "weight": 1 },
        { "type": "item", "name": "minecraft:music_disc_chirp", "weight": 1 },
        { "type": "item", "name": "minecraft:music_disc_creator", "weight": 1 },
        { "type": "item", "name": "minecraft:music_disc_creator_music_box", "weight": 1 },
        { "type": "item", "name": "minecraft:music_disc_far", "weight": 1 },
        { "type": "item", "name": "minecraft:music_disc_mall", "weight": 1 },
        { "type": "item", "name": "minecraft:music_disc_mellohi", "weight": 1 },
        { "type": "item", "name": "minecraft:music_disc_otherside", "weight": 1 },
        { "type": "item", "name": "minecraft:music_disc_pigstep", "weight": 1 },
        { "type": "item", "name": "minecraft:music_disc_precipice", "weight": 1 },
        { "type": "item", "name": "minecraft:music_disc_relic", "weight": 1 },
        { "type": "item", "name": "minecraft:music_disc_stal", "weight": 1 },
        { "type": "item", "name": "minecraft:music_disc_strad", "weight": 1 },
        { "type": "item", "name": "minecraft:music_disc_wait", "weight": 1 },
        { "type": "item", "name": "minecraft:music_disc_ward", "weight": 1 }
      ]
    }
  ]
}
