{
  "type": "minecraft:chest",
  "pools": [
    {
      "rolls": 1,
      "entries": [
        { "type": "item", "name": "cobblemon:azure_ball", "weight": 50 },
        { "type": "item", "name": "cobblemon:beast_ball", "weight": 3 },
        { "type": "item", "name": "cobblemon:cherish_ball", "weight": 8 },
        { "type": "item", "name": "cobblemon:citrine_ball", "weight": 50 },
        { "type": "item", "name": "cobblemon:dive_ball", "weight": 10 },
        { "type": "item", "name": "cobblemon:dream_ball", "weight": 10 },
        { "type": "item", "name": "cobblemon:dusk_ball", "weight": 10 },
        { "type": "item", "name": "cobblemon:fast_ball", "weight": 10 },
        { "type": "item", "name": "cobblemon:friend_ball", "weight": 20 },
        { "type": "item", "name": "cobblemon:great_ball", "weight": 20 },
        { "type": "item", "name": "cobblemon:heal_ball", "weight": 50 },
        { "type": "item", "name": "cobblemon:heavy_ball", "weight": 30 },
        { "type": "item", "name": "cobblemon:level_ball", "weight": 20 },
        { "type": "item", "name": "cobblemon:love_ball", "weight": 20 },
        { "type": "item", "name": "cobblemon:lure_ball", "weight": 30 },
        { "type": "item", "name": "cobblemon:luxury_ball", "weight": 20 },
        { "type": "item", "name": "cobblemon:master_ball", "weight": 1 },
        { "type": "item", "name": "cobblemon:moon_ball", "weight": 30 },
        { "type": "item", "name": "cobblemon:nest_ball", "weight": 50 },
        { "type": "item", "name": "cobblemon:net_ball", "weight": 30 },
        { "type": "item", "name": "cobblemon:park_ball", "weight": 20 },
        { "type": "item", "name": "cobblemon:poke_ball", "weight": 80 },
        { "type": "item", "name": "cobblemon:premier_ball", "weight": 50 },
        { "type": "item", "name": "cobblemon:quick_ball", "weight": 30 },
        { "type": "item", "name": "cobblemon:repeat_ball", "weight": 40 },
        { "type": "item", "name": "cobblemon:roseate_ball", "weight": 30 },
        { "type": "item", "name": "cobblemon:safari_ball", "weight": 30 },
        { "type": "item", "name": "cobblemon:slate_ball", "weight": 50 },
        { "type": "item", "name": "cobblemon:sport_ball", "weight": 50 },
        { "type": "item", "name": "cobblemon:timer_ball", "weight": 30 },
        { "type": "item", "name": "cobblemon:ultra_ball", "weight": 10 },
        { "type": "item", "name": "cobblemon:verdant_ball", "weight": 50 }
      ]
    }
  ]
}
