{
  "type": "minecraft:chest",
  "pools": [
    {
      "rolls": 1,
      "entries": [
        { "type": "item", "name": "minecraft:elytra", "weight": 2,
          "functions": [
            {
              "function": "minecraft:set_damage",
              "damage": 0.0
            }
          ]},
        { "type": "item", "name": "minecraft:elytra", "weight": 3,
          "functions": [
            {
              "function": "minecraft:set_damage",
              "damage": 0.0
            },
            { "function": "enchant_randomly" }
          ]},
        { "type": "item", "name": "minecraft:totem_of_undying", "weight": 50 },
        { "type": "item", "name": "minecraft:ominous_trial_key", "weight": 25 },
        { "type": "item", "name": "minecraft:trial_key", "weight": 50 },
        { "type": "item", "name": "minecraft:wind_charge", "weight": 100 },
        { "type": "item", "name": "minecraft:heavy_core", "weight": 5 },
        { "type": "item", "name": "minecraft:name_tag", "weight": 250 },
        { "type": "item", "name": "minecraft:recovery_compass", "weight": 250 },
        { "type": "item", "name": "minecraft:experience_bottle", "weight": 400 },
        { "type": "item", "name": "minecraft:nether_star", "weight": 10 },
        { "type": "item", "name": "minecraft:end_crystal", "weight": 50 },
        { "type": "item", "name": "minecraft:copper_bulb", "weight": 250 },
        { "type": "item", "name": "minecraft:armadillo_scute", "weight": 250 },
        { "type": "item", "name": "minecraft:goat_horn", "weight": 50,
          "functions": [
            {
              "function": "set_instrument",
              "options": "#minecraft:goat_horns"
            }
          ]},
        { "type": "item", "name": "minecraft:shulker_shell", "weight": 250 }
      ]
    }
  ]
}
