{
  "type": "minecraft:chest",
  "pools": [
    {
      "rolls": 1,
      "entries": [
        { "type": "item", "name": "cobblemon:black_belt", "weight": 1 },
        { "type": "item", "name": "cobblemon:black_glasses", "weight": 1 },
        { "type": "item", "name": "cobblemon:charcoal_stick", "weight": 1 },
        { "type": "item", "name": "cobblemon:dragon_fang", "weight": 1 },
        { "type": "item", "name": "cobblemon:hard_stone", "weight": 1 },
        { "type": "item", "name": "cobblemon:magnet", "weight": 1 },
        { "type": "item", "name": "cobblemon:miracle_seed", "weight": 1 },
        { "type": "item", "name": "cobblemon:mystic_water", "weight": 1 },
        { "type": "item", "name": "cobblemon:never_melt_ice", "weight": 1 },
        { "type": "item", "name": "cobblemon:poison_barb", "weight": 1 },
        { "type": "item", "name": "cobblemon:sharp_beak", "weight": 1 },
        { "type": "item", "name": "cobblemon:silk_scarf", "weight": 1 },
        { "type": "item", "name": "cobblemon:silver_powder", "weight": 1 },
        { "type": "item", "name": "cobblemon:soft_sand", "weight": 1 },
        { "type": "item", "name": "cobblemon:spell_tag", "weight": 6 },
        { "type": "item", "name": "cobblemon:twisted_spoon", "weight": 1 }
      ]
    }
  ]
}
