{
  "enabled": true,
  "neededInstalledMods": [],
  "neededUninstalledMods": [],
  "spawns": [
    {
      "id": "rayquaza-1",
      "pokemon": "rayquaza",
      "presets": [
      ],
      "type": "pokemon",
      "spawnablePositionType": "grounded",
      "bucket": "ultra-rare",
      "level": "70-85",
      "weight": 3.0,
      "condition": {
        "biomes": [ 
          "#cobblemon:is_floral",
          "biomesoplenty:dead_forest",
          "biomesoplenty:old_growth_dead_forest",
          "biomesoplenty:lavender_field",
          "terralith:emerald_peaks",
          "terralith:haze_mountains",
          "terralith:sakura_grove"
          ]
      }
    }
  ]
}