{
  "enabled": true,
  "neededInstalledMods": [],
  "neededUninstalledMods": [],
  "spawns": [
    {
      "id": "necrozma-1",
      "pokemon": "necrozma",
      "presets": [],
      "type": "pokemon",
      "spawnablePositionType": "grounded",
      "bucket": "ultra-rare",
      "level": "70",
      "weight": 2.0,
      "condition": {
        "biomes": [
                 "#minecraft:is_end",
                 "biomesoplenty:ominous_woods",
                 "biomesoplenty:old_growth_dead_forest",
                 "terralith:mirage_isles",
                 "terralith:moonlight_grove",
                 "terralith:moonlight_valley"
        ]
      }
    }
  ]
}