{
    "enabled": true,
    "neededInstalledMods": [],
    "neededUninstalledMods": [],
    "spawns": [
        {
            "id": "entei-1",
            "pokemon": "entei",
            "presets": [],
            "type": "pokemon",
            "spawnablePositionType": "grounded",
            "bucket": "ultra-rare",
            "level": "70",
            "weight": 1.0,
            "condition": {
                "biomes": [
                    "#cobblemon:is_badlands",
                    "#minecraft:is_nether",
                    "biomesoplenty:volcano",
                    "biomesoplenty:volcanic_plains"
                ]
            }
        }
    ]
}