{
    "enabled": "true",
    "neededInstalledMods": [],
    "neededUninstalledMods": [],
    "spawns": [
        {
            "id": "eternatus-1",
            "pokemon": "eternatus",
            "presets": [
            ],
            "type": "pokemon",
            "spawnablePositionType": "grounded",
            "bucket": "ultra-rare",
            "level": "70-100",
            "weight": 1,
            "condition": {
                "biomes": [
                    "#minecraft:is_end",
                    "biomesoplenty:origin_valley",
                    "biomesoplenty:wintry_origin_valley"
                ]
            }
        }
    ]
}