{
  "enabled": true,
  "neededInstalledMods": [],
  "neededUninstalledMods": [],
  "spawns": [
    {
      "id": "furfrou-1T",
      "pokemon": "furfrou",
      "presets": [
        "natural"
      ],
      "type": "pokemon",
      "spawnablePositionType": "grounded",
      "bucket": "rare",
      "level": "30-65",
      "weight": 5.0,
      "condition": {
        "minSkyLight": 8,
        "maxSkyLight": 15,
        "biomes": [
          "#cobblemon:is_plains"
        ]
      }
    },
    {
      "id": "furfrou-2T",
      "pokemon": "furfrou",
      "presets": [
        "natural"
      ],
      "type": "pokemon",
      "spawnablePositionType": "grounded",
      "bucket": "uncommon",
      "level": "25-55",
      "weight": 2.5,
      "condition": {
        "biomes": [
          "#cobblemon:is_plains"
        ],
         "structures": [
                    "#minecraft:village"
                ]
      }
    }
  ]
}