{
  "enabled": true,
  "neededInstalledMods": [],
  "neededUninstalledMods": [],
  "spawns": [
    {
      "id": "genesect-1",
      "pokemon": "genesect",
      "type": "pokemon",
      "spawnablePositionType": "grounded",
      "bucket": "ultra-rare",
      "level": "48-80",
      "weight": 4.0,
      "condition": {
        "canSeeSky": true,
		"biomes": [
	  "#cobblemon:is_mountain"
	]
      }
    },
    {
      "id": "genesect-2",
      "pokemon": "genesect",
      "type": "pokemon",
      "spawnablePositionType": "grounded",
      "bucket": "ultra-rare",
      "level": "48-60",
      "weight": 3.0,
      "condition": {
        "canSeeSky": true,
        "biomes": [
          "#cobblemon:is_hills"
        ]
      }
    }
  ]
}