{
  "enabled": true,
  "neededInstalledMods": [],
  "neededUninstalledMods": [],
  "spawns": [
    {
      "id": "giratina-1",
      "pokemon": "giratina orb_forme=altered",
      "presets": [
      ],
      "type": "pokemon",
      "spawnablePositionType": "grounded",
      "bucket": "ultra-rare",
      "level": "55-75",
      "weight": 1.0,
      "condition": {
        "biomes": [ 
          "#minecraft:is_end",
          "biomesoplenty:ominous_woods",
          "biomesoplenty:old_growth_dead_forest",
          "terralith:mirage_isles",
          "terralith:moonlight_grove",
          "terralith:moonlight_valley"
               ]
            }
        },
        {
      "id": "giratina-2",
      "pokemon": "giratina",
      "presets": [
      ],
      "type": "pokemon",
      "spawnablePositionType": "grounded",
      "bucket": "ultra-rare",
      "level": "55-75",
      "weight": 1.0,
      "condition": {
        "biomes": [ 
          "#minecraft:is_end",
          "biomesoplenty:ominous_woods",
          "biomesoplenty:old_growth_dead_forest",
          "terralith:mirage_isles",
          "terralith:moonlight_grove",
          "terralith:moonlight_valley"
        ]
      }
    }
  ]
}