{
  "enabled": true,
  "neededInstalledMods": [],
  "neededUninstalledMods": [],
  "spawns": [
    {
      "id": "landorus-1",
      "pokemon": "landorus",
      "presets": [],
      "type": "pokemon",
      "spawnablePositionType": "grounded",
      "bucket": "ultra-rare",
      "level": "50-70",
      "weight": 0.5,
      "condition": {
        "isThundering": false,
        "biomes": [
          "#cobblemon:is_desert",
          "#cobblemon:is_badlands",
          "terralith:ancient_sands",
          "terralith:ashen_savanna",
          "terralith:desert_canyon",
          "biomesoplenty:dryland",
          "biomesoplenty:lush_desert",
          "biomesoplenty:lush_savanna"
        ]
      }
    }
  ]
}
