{
   "enabled": true,
   "neededInstalledMods": [],
   "neededUninstalledMods": [],
   "spawns": [
       {
           "id": "keldeo-1",
           "pokemon": "keldeo",
           "presets": [ "water"
           ],
           "type": "pokemon",
           "spawnablePositionType": "submerged",
           "bucket": "ultra-rare",
           "level": "75",
           "weight": 0.8,
           "condition": {
               "biomes": [
                    "#cobblemon:is_ocean",
                    "#cobblemon:is_cold"
               ]
           }
       }
   ]
}