{
  "enabled": true,
  "neededInstalledMods": [],
  "neededUninstalledMods": [],
  "spawns": [
    {
      "id": "miraidon-1",
      "pokemon": "miraidon",
      "type": "pokemon",
      "spawnablePositionType": "grounded",
      "bucket": "ultra-rare",
      "level": "75-80",
      "weight": 0.6,
      "condition": {
        "canSeeSky": true,
        "biomes": [ 
          "#cobblemon:is_mountain",
          "biomesoplenty:ominous_woods",
          "biomesoplenty:dead_forest",
          "biomesoplenty:old_growth_dead_forest",
          "biomesoplenty:mystic_grove",
          "terralith:ashen_savanna",
          "terralith:desert_canyon"
         ]  
      }
    }
  ]
}