{
    "enabled": true,
    "neededInstalledMods": [],
    "neededUninstalledMods": [],
    "spawns": [
        {
            "id": "palkia-1",
            "pokemon": "palkia",
            "type": "pokemon",
            "spawnablePositionType": "grounded",
            "bucket": "ultra-rare",
            "level": "70",
            "weight": 1,
            "condition": {
                "biomes": [
                    "#minecraft:is_end",
                    "#cobblemon:is_ocean"
                ]
            }
        }
    ]
}