{
    "enabled": true,
    "neededInstalledMods": [],
    "neededUninstalledMods": [],
    "spawns": [
        {
            "id": "tapufini-1",
            "pokemon": "tapufini",
            "type": "pokemon",
            "spawnablePositionType": "grounded",
            "bucket": "ultra-rare",
            "level": "60",
            "weight": 1,
            "weightMultiplier": {
                "multiplier": 5.0,
                "condition": {
                    "isRaining": true
                }
            },
            "condition": {
                
                "biomes": [
                    "#cobblemon:is_beach"
                ]
                },
            "anticondition": {
                "biomes": [
                    "#cobblemon:is_cold"
                ]
            }
        }
    ]
}