{
    "enabled": true,
    "neededInstalledMods": [],
    "neededUninstalledMods": [],
    "spawns": [
        {
            "id": "victini-1",
            "pokemon": "victini",
            "presets": [],
            "type": "pokemon",
            "spawnablePositionType": "grounded",
            "bucket": "ultra-rare",
            "level": "70",
            "weight": 0.5,
            "condition": {
                "biomes": [
                    "#cobblemon:is_badlands"
                ]
            }
        }
    ]
}