{
  "type": "minecraft:crafting_shaped",
  "category": "misc",
  "key": {
    "K": [
      {
        "item": "mega_showdown:mega_bracelet"
      },
      {
        "item": "mega_showdown:mega_bracelet_red"
      },
      {
        "item": "mega_showdown:mega_bracelet_yellow"
      },
      {
        "item": "mega_showdown:mega_bracelet_pink"
      },
      {
        "item": "mega_showdown:mega_bracelet_green"
      },
      {
        "item": "mega_showdown:mega_bracelet_blue"
      },
      {
        "item": "mega_showdown:mega_bracelet_black"
      },
      { 
        "item": "mega_showdown:mega_ring"
      },
      {
        "item": "mega_showdown:brendan_mega_cuff"
      },
      {
        "item": "mega_showdown:lysandre_ring"
      },
      {
        "item": "mega_showdown:korrina_glove"
      },
      {
        "item": "mega_showdown:maxie_glasses"
      },
      {
        "item": "mega_showdown:archie_anchor"
      },
      {
        "item": "mega_showdown:may_bracelet"
      },
      {
        "item": "mega_showdown:lisia_mega_tiara"
      }
    ],
    "N": {
      "item": "minecraft:netherite_ingot"
    },
    "S": [
      {
        "item": "mega_showdown:z_power_ring"
      },
      {
        "item": "mega_showdown:olivia_z_power_ring"
      },
      {
        "item": "mega_showdown:hapu_z_power_ring"
      },
      {
        "item": "mega_showdown:rocket_z_power_ring"
      },
      {
        "item": "mega_showdown:gladion_z_power_ring"
      },
      {
        "item": "mega_showdown:nanu_z_power_ring"
      },
      {
        "item": "mega_showdown:hapus_z_ring"
      },
      { 
        "item": "mega_showdown:olivias_z_ring"
      },
      {
        "item": "mega_showdown:z_ring"
      },
      {
        "item": "mega_showdown:z_ring_black"
      },
      {
        "item": "mega_showdown:z_ring_blue"
      },
      {
        "item": "mega_showdown:z_ring_green"
      },
      {
        "item": "mega_showdown:z_ring_pink"
      },
      {
        "item": "mega_showdown:z_ring_yellow"
      },
      {
        "item": "mega_showdown:z_ring_red"
      }
    ],
    "T": {
      "item": "mega_showdown:tera_orb"
    },
    "W": {
      "item": "mega_showdown:dynamax_band"
    }
  },
  "pattern": [
    " W ",
    "KNS",
    " T "
  ],
  "result": {
    "count": 1,
    "id": "mega_showdown:omni_ring"
  }
}