{
    "implemented": true,
    "nationalPokedexNumber": 683,
    "name": "Aromatisse",
    "primaryType": "fairy",
    "maleRatio": 0.5,
    "height": 8,
    "weight": 155,
    "pokedex": [
        "cobblemon.species.aromatisse.desc"
    ],
    "labels": [
        "gen6"
    ],
    "aspects": [],
    "abilities": [
        "healer",
        "h:aromaveil"
    ],
    "eggGroups": [
        "fairy"
    ],
    "baseStats": {
        "hp": 101,
        "attack": 72,
        "defence": 72,
        "special_attack": 99,
        "special_defence": 89,
        "speed": 29
    },
    "evYield": {
        "hp": 2,
        "attack": 0,
        "defence": 0,
        "special_attack": 0,
        "special_defence": 0,
        "speed": 0
    },
    "baseExperienceYield": 162,
    "experienceGroup": "medium_fast",
    "catchRate": 140,
    "eggCycles": 20,
    "baseFriendship": 50,
    "baseScale": 1,
    "hitbox": {
        "width": 1,
        "height": 1,
        "fixed": false
    },
    "drops": {
        "amount": 2,
        "entries": [
            {
                "item": "cobblemon:kebia_berry",
                "percentage": 5.0
            },
            {
                "item": "cobblemon:fairy_feather",
                "percentage": 5.0
            }
        ]
    },
    "moves": [
        "1:aromaticmist",
        "1:healpulse",
        "1:sweetscent",
        "1:fairywind",
        "1:sweetkiss",
        "1:odorsleuth",
        "1:echoedvoice",
        "9:disarmingvoice",
        "12:aromatherapy",
        "15:drainingkiss",
        "18:attract",
        "21:flail",
        "24:mistyterrain",
        "27:psychic",
        "30:charm",
        "33:calmmind",
        "36:moonblast",
        "39:skillswap",
        "42:psychup",
        "egg:afteryou",
        "egg:captivate",
        "egg:disable",
        "egg:refresh",
        "egg:wish",
        "tm:afteryou",
        "tm:allyswitch",
        "tm:attract",
        "tm:calmmind",
        "tm:captivate",
        "tm:chargebeam",
        "tm:charm",
        "tm:covet",
        "tm:dazzlinggleam",
        "tm:disarmingvoice",
        "tm:drainingkiss",
        "tm:drainpunch",
        "tm:dreameater",
        "tm:echoedvoice",
        "tm:encore",
        "tm:endeavor",
        "tm:endure",
        "tm:energyball",
        "tm:facade",
        "tm:faketears",
        "tm:flash",
        "tm:flashcannon",
        "tm:gigaimpact",
        "tm:gyroball",
        "tm:healbell",
        "tm:helpinghand",
        "tm:hyperbeam",
        "tm:lightscreen",
        "tm:magiccoat",
        "tm:metronome",
        "tm:mistyexplosion",
        "tm:mistyterrain",
        "tm:nastyplot",
        "tm:protect",
        "tm:psychic",
        "tm:psychup",
        "tm:psyshock",
        "tm:raindance",
        "tm:reflect",
        "tm:rest",
        "tm:skillswap",
        "tm:sleeptalk",
        "tm:substitute",
        "tm:sunnyday",
        "tm:telekinesis",
        "tm:terablast",
        "tm:thunder",
        "tm:thunderbolt",
        "tm:torment",
        "tm:trickroom",
        "tutor:afteryou",
        "tutor:allyswitch",
        "tutor:calmmind",
        "tutor:chargebeam",
        "tutor:covet",
        "tutor:dazzlinggleam",
        "tutor:drainpunch",
        "tutor:endeavor",
        "tutor:energyball",
        "tutor:flashcannon",
        "tutor:gigaimpact",
        "tutor:healbell",
        "tutor:helpinghand",
        "tutor:hyperbeam",
        "tutor:magiccoat",
        "tutor:mistyexplosion",
        "tutor:psychic",
        "tutor:rest",
        "tutor:skillswap",
        "tutor:sleeptalk",
        "tutor:telekinesis",
        "tutor:thunderbolt",
        "legacy:confide",
        "legacy:doubleteam",
        "legacy:frustration",
        "legacy:hiddenpower",
        "legacy:return",
        "legacy:round",
        "legacy:secretpower",
        "legacy:snore",
        "legacy:swagger",
        "legacy:toxic"
    ],
    "preEvolution": "spritzee",
    "evolutions": [],
    "behaviour": {
        "herd": {
            "maxSize": "5",
            "toleratedLeaders": [
                {
                    "pokemon": "aromatisse",
                    "tier": 1
                }
            ]
        },
        "moving": {
            "swim": {
                "avoidsWater": true
            }
        },
        "combat": {
            "willDefendOwner": true
        },
        "resting": {
            "drowsyChance": 0.0333,
            "rouseChance": 0.0042
        }
    }
}