{
    "implemented": true,
    "nationalPokedexNumber": 682,
    "name": "Spritzee",
    "primaryType": "fairy",
    "maleRatio": 0.5,
    "height": 2,
    "weight": 5,
    "pokedex": [
        "cobblemon.species.spritzee.desc"
    ],
    "labels": [
        "gen6"
    ],
    "aspects": [],
    "abilities": [
        "healer",
        "h:aromaveil"
    ],
    "eggGroups": [
        "fairy"
    ],
    "baseStats": {
        "hp": 78,
        "attack": 52,
        "defence": 60,
        "special_attack": 63,
        "special_defence": 65,
        "speed": 23
    },
    "evYield": {
        "hp": 1,
        "attack": 0,
        "defence": 0,
        "special_attack": 0,
        "special_defence": 0,
        "speed": 0
    },
    "baseExperienceYield": 68,
    "experienceGroup": "medium_fast",
    "catchRate": 200,
    "eggCycles": 20,
    "baseFriendship": 50,
    "baseScale": 1,
    "hitbox": {
        "width": 1,
        "height": 1,
        "fixed": false
    },
    "drops": {
        "amount": 2,
        "entries": [
            {
                "item": "cobblemon:kebia_berry",
                "percentage": 2.5
            },
            {
                "item": "cobblemon:fairy_feather",
                "percentage": 2.5
            }
        ]
    },
    "moves": [
        "1:sweetscent",
        "1:fairywind",
        "1:odorsleuth",
        "3:sweetkiss",
        "6:echoedvoice",
        "9:drainingkiss",
        "12:aromatherapy",
        "18:attract",
        "21:flail",
        "24:mistyterrain",
        "27:psychic",
        "30:charm",
        "33:calmmind",
        "36:moonblast",
        "39:skillswap",
        "egg:afteryou",
        "egg:captivate",
        "egg:disable",
        "egg:refresh",
        "egg:wish",
        "tm:afteryou",
        "tm:allyswitch",
        "tm:attract",
        "tm:calmmind",
        "tm:captivate",
        "tm:chargebeam",
        "tm:charm",
        "tm:covet",
        "tm:dazzlinggleam",
        "tm:disarmingvoice",
        "tm:drainingkiss",
        "tm:dreameater",
        "tm:echoedvoice",
        "tm:encore",
        "tm:endeavor",
        "tm:endure",
        "tm:energyball",
        "tm:facade",
        "tm:faketears",
        "tm:flash",
        "tm:flashcannon",
        "tm:gyroball",
        "tm:healbell",
        "tm:helpinghand",
        "tm:lightscreen",
        "tm:magiccoat",
        "tm:mistyexplosion",
        "tm:mistyterrain",
        "tm:nastyplot",
        "tm:protect",
        "tm:psychic",
        "tm:psychup",
        "tm:raindance",
        "tm:reflect",
        "tm:rest",
        "tm:skillswap",
        "tm:sleeptalk",
        "tm:substitute",
        "tm:sunnyday",
        "tm:telekinesis",
        "tm:terablast",
        "tm:thunderbolt",
        "tm:torment",
        "tm:trickroom",
        "tutor:afteryou",
        "tutor:allyswitch",
        "tutor:calmmind",
        "tutor:chargebeam",
        "tutor:covet",
        "tutor:dazzlinggleam",
        "tutor:endeavor",
        "tutor:energyball",
        "tutor:flashcannon",
        "tutor:healbell",
        "tutor:helpinghand",
        "tutor:magiccoat",
        "tutor:mistyexplosion",
        "tutor:psychic",
        "tutor:rest",
        "tutor:skillswap",
        "tutor:sleeptalk",
        "tutor:telekinesis",
        "tutor:thunderbolt",
        "legacy:confide",
        "legacy:doubleteam",
        "legacy:frustration",
        "legacy:hiddenpower",
        "legacy:return",
        "legacy:round",
        "legacy:secretpower",
        "legacy:snore",
        "legacy:swagger",
        "legacy:toxic"
    ],
    "evolutions": [
        {
            "id": "spritzee_aromatisse",
            "variant": "trade",
            "result": "aromatisse",
            "consumeHeldItem": true,
            "learnableMoves": [],
            "requirements": [
                {
                    "variant": "held_item",
                    "itemCondition": "cobblemon:sachet"
                }
            ]
        }
    ],
    "behaviour": {
        "herd": {
            "maxSize": "4",
            "toleratedLeaders": [
                {
                    "pokemon": "spritzee",
                    "tier": 1
                },
                {
                    "pokemon": "aromatisse",
                    "tier": 2
                }
            ]
        },
        "resting": {
            "willSleepOnBed": true,
            "drowsyChance": 0.0333,
            "rouseChance": 0.0042
        },
        "moving": {
            "swim": {
                "avoidsWater": true
            },
            "fly": {
                "canFly": true
            }
        },
        "combat": {
            "willDefendOwner": true
        }
    }
}