{
    "implemented": true,
    "nationalPokedexNumber": 721,
    "name": "Volcanion",
    "primaryType": "fire",
    "secondaryType": "water",
    "maleRatio": -1,
    "height": 17,
    "weight": 1950,
    "pokedex": [
        "cobblemon.species.volcanion.desc"
    ],
    "labels": [
        "gen6",
        "mythical"
    ],
    "aspects": [],
    "abilities": [
        "waterabsorb",
        "h:waterabsorb"
    ],
    "eggGroups": [
        "undiscovered"
    ],
    "baseStats": {
        "hp": 80,
        "attack": 110,
        "defence": 120,
        "special_attack": 130,
        "special_defence": 90,
        "speed": 70
    },
    "evYield": {
        "hp": 0,
        "attack": 0,
        "defence": 0,
        "special_attack": 3,
        "special_defence": 0,
        "speed": 0
    },
    "baseExperienceYield": 300,
    "experienceGroup": "slow",
    "catchRate": 3,
    "eggCycles": 120,
    "baseFriendship": 100,
    "baseScale": 1,
    "hitbox": {
        "width": 1,
        "height": 1,
        "fixed": false
    },
    "moves": [
        "1:steameruption",
        "1:firespin",
        "1:watergun",
        "6:leer",
        "12:weatherball",
        "18:flamecharge",
        "24:waterpulse",
        "30:scaryface",
        "36:incinerate",
        "42:stomp",
        "48:scald",
        "54:takedown",
        "60:mist",
        "60:haze",
        "66:hydropump",
        "78:flareblitz",
        "84:overheat",
        "90:explosion",
        "tm:bodypress",
        "tm:bodyslam",
        "tm:brickbreak",
        "tm:bulldoze",
        "tm:cut",
        "tm:defog",
        "tm:dig",
        "tm:doubleedge",
        "tm:earthpower",
        "tm:earthquake",
        "tm:endure",
        "tm:explosion",
        "tm:facade",
        "tm:fireblast",
        "tm:firefang",
        "tm:firespin",
        "tm:flamecharge",
        "tm:flamethrower",
        "tm:flareblitz",
        "tm:flashcannon",
        "tm:fling",
        "tm:focusblast",
        "tm:focusenergy",
        "tm:gigaimpact",
        "tm:gyroball",
        "tm:haze",
        "tm:heatcrash",
        "tm:heatwave",
        "tm:heavyslam",
        "tm:hydropump",
        "tm:hyperbeam",
        "tm:incinerate",
        "tm:liquidation",
        "tm:mistyterrain",
        "tm:mudshot",
        "tm:overheat",
        "tm:protect",
        "tm:raindance",
        "tm:rest",
        "tm:roar",
        "tm:rockslide",
        "tm:rocksmash",
        "tm:rocktomb",
        "tm:sandstorm",
        "tm:scald",
        "tm:scaryface",
        "tm:scorchingsands",
        "tm:selfdestruct",
        "tm:sleeptalk",
        "tm:sludgebomb",
        "tm:sludgewave",
        "tm:smackdown",
        "tm:solarbeam",
        "tm:stompingtantrum",
        "tm:stoneedge",
        "tm:strength",
        "tm:substitute",
        "tm:sunnyday",
        "tm:superpower",
        "tm:takedown",
        "tm:taunt",
        "tm:terablast",
        "tm:thunderfang",
        "tm:waterpulse",
        "tm:weatherball",
        "tm:wildcharge",
        "tm:willowisp",
        "tutor:bulldoze",
        "tutor:defog",
        "tutor:earthpower",
        "tutor:firefang",
        "tutor:flamethrower",
        "tutor:flashcannon",
        "tutor:focusenergy",
        "tutor:gigaimpact",
        "tutor:heatwave",
        "tutor:hyperbeam",
        "tutor:liquidation",
        "tutor:rest",
        "tutor:rockslide",
        "tutor:rocksmash",
        "tutor:scorchingsands",
        "tutor:sleeptalk",
        "tutor:sludgebomb",
        "tutor:stompingtantrum",
        "tutor:stoneedge",
        "tutor:superpower",
        "tutor:thunderfang",
        "tutor:waterpulse",
        "tutor:wildcharge",
        "legacy:confide",
        "legacy:doubleteam",
        "legacy:frustration",
        "legacy:hiddenpower",
        "legacy:return",
        "legacy:round",
        "legacy:secretpower",
        "legacy:snore",
        "legacy:swagger",
        "legacy:toxic"
    ],
    "evolutions": [],
    "behaviour": {
        "moving": {
            "swim": {
                "avoidsWater": true,
                "canSwimInLava": true
            }
        },
        "combat": {
            "willDefendSelf": true,
            "willDefendOwner": true,
            "willFlee": false
        },
        "resting": {
            "drowsyChance": 0.0333,
            "rouseChance": 0.0042
        },
        "fireImmune": true
    }
}