{
  "implemented": true,
  "nationalPokedexNumber": 715,
  "name": "Noivern",
  "primaryType": "flying",
  "secondaryType": "dragon",
  "maleRatio": 0.5,
  "height": 15,
  "weight": 850,
  "pokedex": [
    "cobblemon.species.noivern.desc"
  ],
  "labels": [
    "gen6"
  ],
  "features": ["mega_evolution"],
  "aspects": [],
  "abilities": [
    "frisk",
    "infiltrator",
    "h:telepathy"
  ],
  "eggGroups": [
    "flying",
    "dragon"
  ],
  "baseStats": {
    "hp": 85,
    "attack": 70,
    "defence": 80,
    "special_attack": 97,
    "special_defence": 80,
    "speed": 123
  },
  "evYield": {
    "hp": 0,
    "attack": 0,
    "defence": 0,
    "special_attack": 0,
    "special_defence": 0,
    "speed": 2
  },
  "baseExperienceYield": 187,
  "experienceGroup": "medium_fast",
  "catchRate": 45,
  "eggCycles": 20,
  "baseFriendship": 50,
  "baseScale": 0.9,
  "hitbox": {
    "height": 2.5,
    "fixed": false,
    "width": 2
  },
  "riding": {
    "behaviours": {
      "AIR": {
        "key": "cobblemon:air/bird",
        "rideSounds": [
          {
            "muffleEnabled": true,
            "pitchExpr": "math.max(1.0 ,0.2 + math.pow(math.min(q.ride_velocity() / 1.5, 1.0),2))",
            "playForNonPassengers": true,
            "soundLocation": "cobblemon:ride.loop.wind",
            "volumeExpr": "math.pow(math.min(q.ride_velocity() / 1.5, 1.0),2)"
          },
          {
            "muffleEnabled": true,
            "pitchExpr": "math.max(1.0 ,0.2 + math.pow(math.min(q.ride_velocity() / 1.5, 1.0),2))",
            "playForNonPassengers": true,
            "soundLocation": "cobblemon:ride.loop.leather",
            "volumeExpr": "math.pow(math.min(q.ride_velocity() / 1.5, 1.0),2)"
          }
        ],
        "stats": {
          "ACCELERATION": "40-65",
          "JUMP": "55-85",
          "SKILL": "50-85",
          "SPEED": "55-90",
          "STAMINA": "10-30"
        }
      },
      "LAND": {
        "key": "cobblemon:land/horse",
        "rideSounds": [],
        "stats": {
          "ACCELERATION": "65-85",
          "JUMP": "30-45",
          "SKILL": "30-50",
          "SPEED": "35-50",
          "STAMINA": "10-20"
        }
      }
    },
    "seats": [
      {
        "offset": {
          "x": 0.0,
          "y": 0.0,
          "z": 0.0
        },
        "poseOffsets": [
          {
            "offset": {
              "x": 0.0,
              "y": -1.3334379,
              "z": 0.22584726
            },
            "poseTypes": [
              "STAND"
            ]
          },
          {
            "offset": {
              "x": 0.048653785,
              "y": -1.257053,
              "z": 0.47211075
            },
            "poseTypes": [
              "WALK"
            ]
          },
          {
            "offset": {
              "x": 0.0,
              "y": -1.7405432,
              "z": 0.27634206
            },
            "poseTypes": [
              "HOVER"
            ]
          },
          {
            "offset": {
              "x": 0.0,
              "y": -1.2315297,
              "z": 0.30676118
            },
            "poseTypes": [
              "FLY"
            ]
          },
          {
            "offset": {
              "x": 0.0,
              "y": -1.3334379,
              "z": 0.22584726
            },
            "poseTypes": [
              "FLOAT"
            ]
          },
          {
            "offset": {
              "x": 0.048653785,
              "y": -1.257053,
              "z": 0.47211075
            },
            "poseTypes": [
              "SWIM"
            ]
          },
          {
            "offset": {
              "x": 0.0,
              "y": -1.3334379,
              "z": 0.22584726
            },
            "poseTypes": [
              "GLIDE"
            ]
          }
        ]
      }
    ]
  },
  "behaviour": {
    "herd": {
      "maxSize": "9",
      "toleratedLeaders": [
        {
          "pokemon": "noivern",
          "tier": 1
        }
      ]
    },
    "moving": {
      "fly": {
        "canFly": true
      },
      "swim": {
        "avoidsWater": true
      }
    },
    "combat": {
      "willDefendSelf": true,
      "willDefendOwner": true,
      "willFlee": false
    },
    "resting": {
      "times": [
        "any"
      ],
      "willSleepOnBed": true,
      "drowsyChance": 0.0014,
      "rouseChance": 0.0042
    }
  },
  "drops": {
    "amount": 2,
    "entries": [
      {
        "item": "minecraft:phantom_membrane",
        "percentage": 5.0
      },
      {
        "item": "cobblemon:yache_berry",
        "percentage": 5.0
      }
    ]
  },
  "moves": [
    "1:moonlight",
    "1:dragonpulse",
    "1:supersonic",
    "1:tackle",
    "1:gust",
    "1:razorwind",
    "1:absorb",
    "12:doubleteam",
    "16:wingattack",
    "20:bite",
    "24:aircutter",
    "26:charm",
    "28:whirlwind",
    "32:superfang",
    "36:airslash",
    "40:screech",
    "40:moonblast",
    "44:roost",
    "51:tailwind",
    "52:dazzlinggleam",
    "56:hurricane",
    "62:boomburst",
    "egg:defog",
    "egg:dragonrush",
    "egg:razorwind",
    "egg:switcheroo",
    "tm:acrobatics",
    "tm:aerialace",
    "tm:agility",
    "tm:aircutter",
    "tm:airslash",
    "tm:bodyslam",
    "tm:breakingswipe",
    "tm:brickbreak",
    "tm:cut",
    "tm:darkpulse",
    "tm:defog",
    "tm:doubleedge",
    "tm:doubleteam",
    "tm:dracometeor",
    "tm:dragoncheer",
    "tm:dragonclaw",
    "tm:dragondance",
    "tm:dragonpulse",
    "tm:dragontail",
    "tm:dreameater",
    "tm:dualwingbeat",
    "tm:echoedvoice",
    "tm:endure",
    "tm:facade",
    "tm:flamethrower",
    "tm:fly",
    "tm:focusblast",
    "tm:gigaimpact",
    "tm:heatwave",
    "tm:honeclaws",
    "tm:hurricane",
    "tm:hyperbeam",
    "tm:hypervoice",
    "tm:irontail",
    "tm:laserfocus",
    "tm:leechlife",
    "tm:outrage",
    "tm:protect",
    "tm:psychic",
    "tm:psychicnoise",
    "tm:rest",
    "tm:roost",
    "tm:scaryface",
    "tm:screech",
    "tm:shadowball",
    "tm:shadowclaw",
    "tm:skyattack",
    "tm:sleeptalk",
    "tm:snatch",
    "tm:solarbeam",
    "tm:steelwing",
    "tm:substitute",
    "tm:sunnyday",
    "tm:superfang",
    "tm:swift",
    "tm:tailwind",
    "tm:takedown",
    "tm:taunt",
    "tm:terablast",
    "tm:thief",
    "tm:torment",
    "tm:uproar",
    "tm:uturn",
    "tm:waterpulse",
    "tm:wildcharge",
    "tm:xscissor",
    "tutor:aerialace",
    "tutor:aircutter",
    "tutor:darkpulse",
    "tutor:defog",
    "tutor:dracometeor",
    "tutor:dragonpulse",
    "tutor:dualwingbeat",
    "tutor:flamethrower",
    "tutor:gigaimpact",
    "tutor:heatwave",
    "tutor:hyperbeam",
    "tutor:hypervoice",
    "tutor:irontail",
    "tutor:laserfocus",
    "tutor:leechlife",
    "tutor:outrage",
    "tutor:psychic",
    "tutor:rest",
    "tutor:roost",
    "tutor:shadowball",
    "tutor:shadowclaw",
    "tutor:skyattack",
    "tutor:sleeptalk",
    "tutor:snatch",
    "tutor:superfang",
    "tutor:swift",
    "tutor:tailwind",
    "tutor:uproar",
    "tutor:wildcharge",
    "tutor:xscissor",
    "legacy:attract",
    "legacy:confide",
    "legacy:frustration",
    "legacy:hiddenpower",
    "legacy:return",
    "legacy:round",
    "legacy:secretpower",
    "legacy:snore",
    "legacy:swagger",
    "legacy:toxic"
  ],
  "preEvolution": "noibat",
  "evolutions": [],
  "forms": [
    {
      "name": "Mega",
      "primaryType": "fairy",
      "secondaryType": "dragon",
      "pokedex": ["cobblemon.species.noivern-mega.desc"],
      "labels": ["gen6", "mega"],
      "aspects": ["mega"],
      "abilities": ["pixilate", "h:pixilate"],
      "baseStats": {
        "hp": 85,
        "attack": 95,
        "defence": 80,
        "special_attack": 137,
        "special_defence": 80,
        "speed": 158
      },
      "evolutions": [],
      "battleOnly": false
    }
  ]
}