{
  "species": "cobblemon:greninja",
  "order": 3,
  "variations": [
    {
      "aspects": ["mega", "ash"],
      "model": "cobblemon:greninja_ash_mega.geo",
      "poser": "cobblemon:greninja_ash_mega",
      "texture": "cobblemon:textures/pokemon/0658_greninja/greninja_ash_mega.png",
      "layers": [
        {
          "name": "backshuriken",
          "texture": {
            "frames": [
              "cobblemon:textures/pokemon/0658_greninja/am_water_shuriken.png",
              "cobblemon:textures/pokemon/0658_greninja/am_water_shuriken1.png",
              "cobblemon:textures/pokemon/0658_greninja/am_water_shuriken2.png",
              "cobblemon:textures/pokemon/0658_greninja/am_water_shuriken3.png"
            ],
            "fps": 10,
            "loop": true
          },
          "emissive": false,
          "translucent": true
        }
      ]
    },
    {
      "aspects": ["mega", "ash", "shiny"],
      "texture": "cobblemon:textures/pokemon/0658_greninja/greninja_ash_mega_shiny.png"
    }
  ]
}
