{
    "portraitScale":1.8,
    "portraitTranslation":[-0.2,2.45,0],
    "profileScale":0.5,
    "profileTranslation":[0,1.0,0],
    "rootBone":"ceruledge_mega",
    "animations":{
        "faint":"q.bedrock_primary('ceruledge_mega', 'faint', q.curve('one'))",
        "cry":"q.bedrock_stateful('ceruledge_mega', 'cry')",
        "recoil":"q.bedrock_stateful('ceruledge_mega', 'recoil')",
        "physical":"q.bedrock_primary('ceruledge_mega', 'physical', q.curve('symmetrical_wide'))",
        "special":"q.bedrock_primary('ceruledge_mega', 'special', q.curve('symmetrical_wide'))",
        "status":"q.bedrock_primary('ceruledge_mega', 'status', q.curve('symmetrical_wide'))"
        },
    "poses":{
        "battle-standing":{
            "poseTypes":["STAND"],
            "isBattle":true,"animations":[
                "q.look('head')",
                "q.bedrock('ceruledge_mega', 'battle_idle')",
                "q.bedrock('ceruledge_mega', 'eye_flame_overlay')"
                ],
            "namedAnimations":{
                "cry":"q.bedrock_primary('ceruledge_mega', 'battle_cry', q.curve('symmetrical_wide'))"},
                "quirks":["q.bedrock_quirk('ceruledge_mega', 'blink')"
                ]
            },
            "standing":{
                "poseTypes":[
                    "STAND",
                    "NONE",
                    "PORTRAIT",
                    "PROFILE"
                ],
            "isBattle":false,
            "animations":[
                "q.look('head')",
                "q.bedrock('ceruledge_mega', 'ground_idle')",
                "q.bedrock('ceruledge_mega', 'eye_flame_overlay')"
            ],
            "quirks":["q.bedrock_quirk('ceruledge_mega', 'blink')"],
            "transitions":{"battle-standing":"q.bedrock_primary('ceruledge_mega', 'battle_intro', q.curve('one'))"}
        },
        "walking":{
            "poseTypes":["WALK"],
            "animations":[
                "q.look('head')",
                "q.bedrock('ceruledge_mega', 'ground_walk')",
                "q.bedrock('ceruledge_mega', 'eye_flame_overlay')"
            ],
            "quirks":["q.bedrock_quirk('ceruledge_mega', 'blink')"]},
        "sleep":{
            "poseTypes":["SLEEP"],
            "animations":["q.bedrock('ceruledge_mega', 'sleep')"]
            }
        }
    }