{
	"format_version": "1.12.0",
	"minecraft:geometry": [
		{
			"description": {
				"identifier": "geometry.flygon",
				"texture_width": 256,
				"texture_height": 256,
				"visible_bounds_width": 13,
				"visible_bounds_height": 5.5,
				"visible_bounds_offset": [0, 2.25, 0]
			},
			"bones": [
				{
					"name": "flygon_mega",
					"pivot": [0, 0, 0]
				},
				{
					"name": "body",
					"parent": "flygon_mega",
					"pivot": [0, 22.25, 0]
				},
				{
					"name": "torso",
					"parent": "body",
					"pivot": [0, 11.25, 1],
					"cubes": [
						{"origin": [-6.5, 5.25, -5.5], "size": [13, 14, 14], "uv": [0, 38]}
					]
				},
				{
					"name": "chest",
					"parent": "torso",
					"pivot": [0, 19.25, 2],
					"cubes": [
						{"origin": [-5, 17.75, -3], "size": [10, 8, 10], "uv": [67, 24]}
					]
				},
				{
					"name": "neck",
					"parent": "chest",
					"pivot": [0, 25.75, 2.75],
					"cubes": [
						{"origin": [-3.5, 24.75, -1.25], "size": [7, 6, 7], "inflate": 0.02, "uv": [76, 11]}
					]
				},
				{
					"name": "neck2",
					"parent": "neck",
					"pivot": [-0.25, 29.75, 2.25],
					"cubes": [
						{"origin": [-3, 29.75, -0.25], "size": [6, 6, 5], "inflate": 0.01, "uv": [90, 0]}
					]
				},
				{
					"name": "neck3",
					"parent": "neck2",
					"pivot": [-0.25, 35.75, 2.25],
					"cubes": [
						{"origin": [-2.5, 34.75, 0.25], "size": [5, 6, 4], "uv": [72, 0]}
					]
				},
				{
					"name": "head",
					"parent": "neck3",
					"pivot": [0.25, 41.75, 2.25]
				},
				{
					"name": "head_ai",
					"parent": "head",
					"pivot": [0.25, 41.75, 2.25]
				},
				{
					"name": "head_angle",
					"parent": "head_ai",
					"pivot": [0.25, 41.75, 2.25],
					"cubes": [
						{"origin": [-4.5, 39.75, -7.25], "size": [9, 8, 12], "uv": [0, 0]},
						{"origin": [-3.5, 43.375, 3.775], "size": [7, 5, 3], "pivot": [0, 45.875, 5.275], "rotation": [20, 0, 0], "uv": [14, 124]}
					]
				},
				{
					"name": "eyes",
					"parent": "head_angle",
					"pivot": [0.25, 43.5, -2.25]
				},
				{
					"name": "eye_left",
					"parent": "eyes",
					"pivot": [4.51, 43.5, -2.75],
					"cubes": [
						{"origin": [4.51, 42, -4.75], "size": [0, 3, 4], "uv": [0, 19]}
					]
				},
				{
					"name": "eye_angry_left",
					"parent": "eye_left",
					"pivot": [4.42, 44.5, -3.25],
					"cubes": [
						{"origin": [4.42, 43.5, -4.75], "size": [0, 1, 1], "inflate": 0.01, "uv": [10, 19]},
						{"origin": [4.42, 44, -3.75], "size": [0, 1, 2], "inflate": 0.01, "uv": [8, 23]}
					]
				},
				{
					"name": "eye_sad_left",
					"parent": "eye_left",
					"pivot": [4.42, 45, -1.75],
					"cubes": [
						{"origin": [4.42, 44.5, -2.75], "size": [0, 1, 2], "inflate": 0.01, "uv": [8, 25]}
					]
				},
				{
					"name": "eye_unamused_left",
					"parent": "eye_left",
					"pivot": [4.42, 44.5, -2.75],
					"cubes": [
						{"origin": [4.42, 44, -4.75], "size": [0, 1, 4], "inflate": 0.01, "uv": [10, 31]}
					]
				},
				{
					"name": "eye_shine_left",
					"parent": "eye_left",
					"pivot": [4.52, 43.5, -3.75],
					"cubes": [
						{"origin": [4.52, 43, -4.25], "size": [0, 1, 1], "uv": [8, 22]}
					]
				},
				{
					"name": "eyelid_left",
					"parent": "eye_left",
					"pivot": [3.92, 43.5, -2.75],
					"cubes": [
						{"origin": [3.42, 42, -4.75], "size": [1, 3, 4], "inflate": 0.01, "uv": [18, 20]}
					]
				},
				{
					"name": "eyelid_happy_left",
					"parent": "eye_left",
					"pivot": [3.92, 43.5, -2.75],
					"cubes": [
						{"origin": [3.42, 42, -4.75], "size": [1, 3, 4], "inflate": 0.01, "uv": [2, 38]}
					]
				},
				{
					"name": "eyelid_recoil_left",
					"parent": "eye_left",
					"pivot": [3.92, 43.5, -2.75],
					"cubes": [
						{"origin": [3.42, 42, -4.75], "size": [1, 3, 4], "inflate": 0.01, "uv": [40, 38]}
					]
				},
				{
					"name": "eye_right",
					"parent": "eyes",
					"pivot": [-4.51, 43.5, -2.75],
					"cubes": [
						{"origin": [-4.51, 42, -4.75], "size": [0, 3, 4], "uv": [0, 22], "mirror": true}
					]
				},
				{
					"name": "eye_angry_right",
					"parent": "eye_right",
					"pivot": [-4.42, 44.5, -3.25],
					"cubes": [
						{"origin": [-4.42, 43.5, -4.75], "size": [0, 1, 1], "inflate": 0.01, "uv": [10, 20], "mirror": true},
						{"origin": [-4.42, 44, -3.75], "size": [0, 1, 2], "inflate": 0.01, "uv": [8, 24], "mirror": true}
					]
				},
				{
					"name": "eye_sad_right",
					"parent": "eye_right",
					"pivot": [-4.42, 45, -1.75],
					"cubes": [
						{"origin": [-4.42, 44.5, -2.75], "size": [0, 1, 2], "inflate": 0.01, "uv": [8, 26], "mirror": true}
					]
				},
				{
					"name": "eye_unamused_right",
					"parent": "eye_right",
					"pivot": [-4.42, 44.5, -2.75],
					"cubes": [
						{"origin": [-4.42, 44, -4.75], "size": [0, 1, 4], "inflate": 0.01, "uv": [10, 32], "mirror": true}
					]
				},
				{
					"name": "eye_shine_right",
					"parent": "eye_right",
					"pivot": [-4.52, 43.5, -3.75],
					"cubes": [
						{"origin": [-4.52, 43, -4.25], "size": [0, 1, 1], "uv": [8, 23], "mirror": true}
					]
				},
				{
					"name": "eyelid_right",
					"parent": "eye_right",
					"pivot": [-3.92, 43.5, -2.75],
					"cubes": [
						{"origin": [-4.42, 42, -4.75], "size": [1, 3, 4], "inflate": 0.01, "uv": [36, 20], "mirror": true}
					]
				},
				{
					"name": "eyelid_happy_right",
					"parent": "eye_right",
					"pivot": [-3.92, 43.5, -2.75],
					"cubes": [
						{"origin": [-4.42, 42, -4.75], "size": [1, 3, 4], "inflate": 0.01, "uv": [2, 45], "mirror": true}
					]
				},
				{
					"name": "eyelid_recoil_right",
					"parent": "eye_right",
					"pivot": [-3.92, 43.5, -2.75],
					"cubes": [
						{"origin": [-4.42, 42, -4.75], "size": [1, 3, 4], "inflate": 0.01, "uv": [40, 45], "mirror": true}
					]
				},
				{
					"name": "mouth",
					"parent": "head_angle",
					"pivot": [0, 39.84, -4.25]
				},
				{
					"name": "mouth_closed",
					"parent": "mouth",
					"pivot": [0, 39.74, -4.25],
					"cubes": [
						{"origin": [-2.5, 39.74, -4.25], "size": [5, 0, 1], "uv": [-1, 29]}
					]
				},
				{
					"name": "mouth_smile",
					"parent": "mouth",
					"pivot": [0, 39.84, -4.25],
					"cubes": [
						{"origin": [-1.5, 39.84, -4.25], "size": [3, 0, 1], "uv": [-1, 31]},
						{"origin": [-2.5, 39.84, -4.75], "size": [5, 0, 1], "uv": [-1, 30]}
					]
				},
				{
					"name": "mouth_open",
					"parent": "mouth",
					"pivot": [0, 39.84, -4.25],
					"cubes": [
						{"origin": [-2.5, 39.84, -5.75], "size": [5, 0, 3], "uv": [-3, 20]}
					]
				},
				{
					"name": "mouth_happy",
					"parent": "mouth",
					"pivot": [0, 39.84, -4.25],
					"cubes": [
						{"origin": [-2.5, 39.84, -5.75], "size": [5, 0, 3], "uv": [-3, 35]}
					]
				},
				{
					"name": "mouth_o",
					"parent": "mouth",
					"pivot": [0, 39.84, -4.25],
					"cubes": [
						{"origin": [-1.5, 39.84, -5.75], "size": [3, 0, 3], "uv": [-3, 38]}
					]
				},
				{
					"name": "eye_bubble_left",
					"parent": "head_angle",
					"pivot": [4.5, 43.75, -2.25],
					"cubes": [
						{"origin": [5.25, 43.75, 0.75], "size": [0, 3, 4], "uv": [132, 105]},
						{"origin": [4, 40.75, -5.25], "size": [2, 6, 6], "uv": [113, 114]},
						{"origin": [6, 46.75, 0.75], "size": [-2, -6, -6], "uv": [140, 125]}
					]
				},
				{
					"name": "eye_bubble_front",
					"parent": "head_angle",
					"pivot": [4.5, 43.75, -2.25]
				},
				{
					"name": "eye_bubble_right",
					"parent": "head_angle",
					"pivot": [-4.5, 43.75, -2.25],
					"cubes": [
						{"origin": [-6, 40.75, -5.25], "size": [2, 6, 6], "uv": [91, 114], "mirror": true},
						{"origin": [-5.25, 43.75, 0.75], "size": [0, 3, 4], "uv": [132, 105], "mirror": true},
						{"origin": [-4, 46.75, 0.75], "size": [-2, -6, -6], "uv": [118, 125], "mirror": true}
					]
				},
				{
					"name": "antenna_left",
					"parent": "head_angle",
					"pivot": [2, 44.3, 4.775],
					"rotation": [27.56344, 0.9762, 7.43656],
					"cubes": [
						{"origin": [0.5, 45.3, 4.775], "size": [3, 3, 12], "uv": [0, 20]}
					]
				},
				{
					"name": "antenna_left2",
					"parent": "antenna_left",
					"pivot": [2, 47.75, 14.75],
					"rotation": [-10, 0, 0],
					"cubes": [
						{"origin": [1, 45.75, 14.75], "size": [2, 2, 13], "inflate": 0.01, "uv": [42, 5]}
					]
				},
				{
					"name": "antenna_left3",
					"parent": "antenna_left2",
					"pivot": [2, 47.75, 27.75],
					"rotation": [-7.5, 0, 0],
					"cubes": [
						{"origin": [1.5, 45.75, 27.75], "size": [1, 2, 11], "uv": [59, 0]}
					]
				},
				{
					"name": "antenna_front_left",
					"parent": "head_angle",
					"pivot": [2, 44.8, -5.225],
					"rotation": [70.06344, 0.9762, 7.43656],
					"cubes": [
						{"origin": [1.5, 45.8, -6.225], "size": [2, 2, 9], "uv": [57, 78]},
						{"origin": [1.5, 47.05, 2.775], "size": [2, 0, 4], "pivot": [2.5, 47.8, 4.775], "rotation": [-20, 0, 0], "uv": [9, 28]}
					]
				},
				{
					"name": "antenna_right",
					"parent": "head_angle",
					"pivot": [-2, 44.3, 4.775],
					"rotation": [27.56344, -0.9762, -7.43656],
					"cubes": [
						{"origin": [-3.5, 45.3, 4.775], "size": [3, 3, 12], "uv": [18, 23], "mirror": true}
					]
				},
				{
					"name": "antenna_right2",
					"parent": "antenna_right",
					"pivot": [-2, 47.75, 14.75],
					"rotation": [-10, 0, 0],
					"cubes": [
						{"origin": [-3, 45.75, 14.75], "size": [2, 2, 13], "inflate": 0.01, "uv": [36, 20], "mirror": true}
					]
				},
				{
					"name": "antenna_right3",
					"parent": "antenna_right2",
					"pivot": [-2, 47.75, 27.75],
					"rotation": [-7.5, 0, 0],
					"cubes": [
						{"origin": [-2.5, 45.75, 27.75], "size": [1, 2, 11], "uv": [53, 20], "mirror": true}
					]
				},
				{
					"name": "antenna_front_right",
					"parent": "head_angle",
					"pivot": [-2, 44.8, -5.225],
					"rotation": [70.06344, -0.9762, -7.43656],
					"cubes": [
						{"origin": [-3.5, 45.8, -6.225], "size": [2, 2, 9], "uv": [57, 78], "mirror": true},
						{"origin": [-3.5, 47.05, 2.775], "size": [2, 0, 4], "pivot": [-2.5, 47.8, 4.775], "rotation": [-20, 0, 0], "uv": [26, 31], "mirror": true}
					]
				},
				{
					"name": "arms",
					"parent": "chest",
					"pivot": [0, 24.25, 1]
				},
				{
					"name": "arm_left",
					"parent": "arms",
					"pivot": [5.5, 25, 0.5],
					"cubes": [
						{"origin": [5, 24, -0.5], "size": [5, 1, 1], "inflate": 0.11, "uv": [107, 0]},
						{"origin": [5, 23.5, -1], "size": [1, 2, 2], "inflate": 0.11, "uv": [108, 18]}
					]
				},
				{
					"name": "arm_left2",
					"parent": "arm_left",
					"pivot": [10.1, 23.9, 0.6],
					"cubes": [
						{"origin": [10.2, 24, -0.5], "size": [4, 1, 1], "inflate": 0.1, "uv": [119, 0]}
					]
				},
				{
					"name": "hand_left",
					"parent": "arm_left2",
					"pivot": [14.2, 25, -0.5],
					"cubes": [
						{"origin": [14.2, 24, -1], "size": [2, 1, 2], "inflate": 0.12, "uv": [112, 4]}
					]
				},
				{
					"name": "finger_back_left",
					"parent": "hand_left",
					"pivot": [16.2, 24, 0.5],
					"rotation": [0, -45, 0]
				},
				{
					"name": "finger_back_left_rotation",
					"parent": "finger_back_left",
					"pivot": [16, 25.1, 1],
					"cubes": [
						{"origin": [16.1, 24, 0.5], "size": [2, 1, 1], "inflate": 0.1, "uv": [109, 11]}
					]
				},
				{
					"name": "finger_back_left2",
					"parent": "finger_back_left_rotation",
					"pivot": [18.2, 25.1, 1],
					"cubes": [
						{"origin": [18.3, 24, 0.5], "size": [1, 1, 1], "inflate": 0.11, "uv": [123, 11]}
					]
				},
				{
					"name": "finger_back_left3",
					"parent": "finger_back_left2",
					"pivot": [19.3, 25, 1],
					"cubes": [
						{"origin": [19.3, 24, 1], "size": [1, 1, 0], "uv": [102, 25]}
					]
				},
				{
					"name": "finger_center_left",
					"parent": "hand_left",
					"pivot": [16.3, 25.1, 0],
					"cubes": [
						{"origin": [16.4, 24, -0.5], "size": [2, 1, 1], "inflate": 0.11, "uv": [103, 11]}
					]
				},
				{
					"name": "finger_center_left2",
					"parent": "finger_center_left",
					"pivot": [18.5, 25.1, 0],
					"cubes": [
						{"origin": [18.6, 24, -0.5], "size": [1, 1, 1], "inflate": 0.12, "uv": [119, 11]}
					]
				},
				{
					"name": "finger_center_left3",
					"parent": "finger_center_left2",
					"pivot": [19.6, 25, 0],
					"cubes": [
						{"origin": [19.6, 24, 0], "size": [1, 1, 0], "uv": [100, 25]}
					]
				},
				{
					"name": "finger_front_left",
					"parent": "hand_left",
					"pivot": [16.2, 24, -0.5],
					"rotation": [0, 45, 0]
				},
				{
					"name": "finger_front_left_rotation",
					"parent": "finger_front_left",
					"pivot": [16, 25.1, -1],
					"cubes": [
						{"origin": [16.1, 24, -1.5], "size": [2, 1, 1], "inflate": 0.1, "uv": [97, 11]}
					]
				},
				{
					"name": "finger_front_left2",
					"parent": "finger_front_left_rotation",
					"pivot": [18.2, 25.1, -1],
					"cubes": [
						{"origin": [18.3, 24, -1.5], "size": [1, 1, 1], "inflate": 0.11, "uv": [115, 11]}
					]
				},
				{
					"name": "finger_front_left3",
					"parent": "finger_front_left2",
					"pivot": [19.3, 25, -1],
					"cubes": [
						{"origin": [19.3, 24, -1], "size": [1, 1, 0], "uv": [98, 25]}
					]
				},
				{
					"name": "arm_right",
					"parent": "arms",
					"pivot": [-5.5, 25, 0.5],
					"cubes": [
						{"origin": [-10, 24, -0.5], "size": [5, 1, 1], "inflate": 0.11, "uv": [107, 2], "mirror": true},
						{"origin": [-6, 23.5, -1], "size": [1, 2, 2], "inflate": 0.11, "uv": [108, 18], "mirror": true}
					]
				},
				{
					"name": "arm_right2",
					"parent": "arm_right",
					"pivot": [-10.1, 23.9, 0.6],
					"cubes": [
						{"origin": [-14.2, 24, -0.5], "size": [4, 1, 1], "inflate": 0.1, "uv": [119, 2], "mirror": true}
					]
				},
				{
					"name": "hand_right",
					"parent": "arm_right2",
					"pivot": [-14.2, 25, -0.5],
					"cubes": [
						{"origin": [-16.2, 24, -1], "size": [2, 1, 2], "inflate": 0.12, "uv": [112, 7], "mirror": true}
					]
				},
				{
					"name": "finger_back_right",
					"parent": "hand_right",
					"pivot": [-16.2, 24, 0.5],
					"rotation": [0, 45, 0]
				},
				{
					"name": "finger_back_right_rotation",
					"parent": "finger_back_right",
					"pivot": [-16, 25.1, 1],
					"cubes": [
						{"origin": [-18.1, 24, 0.5], "size": [2, 1, 1], "inflate": 0.1, "uv": [109, 13], "mirror": true}
					]
				},
				{
					"name": "finger_back_right2",
					"parent": "finger_back_right_rotation",
					"pivot": [-18.2, 25.1, 1],
					"cubes": [
						{"origin": [-19.3, 24, 0.5], "size": [1, 1, 1], "inflate": 0.11, "uv": [123, 13], "mirror": true}
					]
				},
				{
					"name": "finger_back_right3",
					"parent": "finger_back_right2",
					"pivot": [-19.3, 25, 1],
					"cubes": [
						{"origin": [-20.3, 24, 1], "size": [1, 1, 0], "uv": [102, 26], "mirror": true}
					]
				},
				{
					"name": "finger_center_right",
					"parent": "hand_right",
					"pivot": [-16.3, 25.1, 0],
					"cubes": [
						{"origin": [-18.4, 24, -0.5], "size": [2, 1, 1], "inflate": 0.11, "uv": [103, 13], "mirror": true}
					]
				},
				{
					"name": "finger_center_right2",
					"parent": "finger_center_right",
					"pivot": [-18.5, 25.1, 0],
					"cubes": [
						{"origin": [-19.6, 24, -0.5], "size": [1, 1, 1], "inflate": 0.12, "uv": [119, 13], "mirror": true}
					]
				},
				{
					"name": "finger_center_right3",
					"parent": "finger_center_right2",
					"pivot": [-19.6, 25, 0],
					"cubes": [
						{"origin": [-20.6, 24, 0], "size": [1, 1, 0], "uv": [100, 26], "mirror": true}
					]
				},
				{
					"name": "finger_front_right",
					"parent": "hand_right",
					"pivot": [-16.2, 24, -0.5],
					"rotation": [0, -45, 0]
				},
				{
					"name": "finger_front_right_rotation",
					"parent": "finger_front_right",
					"pivot": [-16, 25.1, -1],
					"cubes": [
						{"origin": [-18.1, 24, -1.5], "size": [2, 1, 1], "inflate": 0.1, "uv": [97, 13], "mirror": true}
					]
				},
				{
					"name": "finger_front_right2",
					"parent": "finger_front_right_rotation",
					"pivot": [-18.2, 25.1, -1],
					"cubes": [
						{"origin": [-19.3, 24, -1.5], "size": [1, 1, 1], "inflate": 0.11, "uv": [115, 13], "mirror": true}
					]
				},
				{
					"name": "finger_front_right3",
					"parent": "finger_front_right2",
					"pivot": [-19.3, 25, -1],
					"cubes": [
						{"origin": [-20.3, 24, -1], "size": [1, 1, 0], "uv": [98, 26], "mirror": true}
					]
				},
				{
					"name": "wings",
					"parent": "chest",
					"pivot": [0, 23.5, 6.55],
					"rotation": [5, 0, 0]
				},
				{
					"name": "wing_left",
					"parent": "wings",
					"pivot": [2, 25.57955, 5.72812],
					"rotation": [0, 10, 0],
					"cubes": [
						{"origin": [2, 15.07955, 5.73812], "size": [27, 21, 0], "uv": [165, 24]}
					]
				},
				{
					"name": "wing_left2",
					"parent": "wing_left",
					"pivot": [29, 25.57955, 5.72812],
					"cubes": [
						{"origin": [29, 13.07955, 5.73812], "size": [27, 25, 0], "uv": [168, 79]},
						{"origin": [29, 13.07955, 8.23812], "size": [27, 25, 0], "pivot": [42.5, 25.57955, 8.23812], "rotation": [0, -10, 0], "uv": [168, 79]},
						{"origin": [45.5, 16.07955, 5.78812], "size": [15, 19, 0], "uv": [191, 139]}
					]
				},
				{
					"name": "wing_right",
					"parent": "wings",
					"pivot": [-2, 25.57955, 5.72812],
					"rotation": [0, -10, 0],
					"cubes": [
						{"origin": [-29, 15.07955, 5.73812], "size": [27, 21, 0], "uv": [165, 24], "mirror": true}
					]
				},
				{
					"name": "wing_right2",
					"parent": "wing_right",
					"pivot": [-29, 25.57955, 5.72812],
					"cubes": [
						{"origin": [-56, 13.07955, 5.73812], "size": [27, 25, 0], "uv": [168, 79], "mirror": true},
						{"origin": [-56, 13.07955, 8.23812], "size": [27, 25, 0], "pivot": [-42.5, 25.57955, 8.23812], "rotation": [0, 10, 0], "uv": [168, 79], "mirror": true},
						{"origin": [-61, 16.07955, 5.73812], "size": [15, 19, 0], "pivot": [-40, 25.57955, 5.73812], "rotation": [0, 5, 0], "uv": [191, 139], "mirror": true}
					]
				},
				{
					"name": "wings2",
					"parent": "chest",
					"pivot": [0, 22.25, 7.8],
					"rotation": [30, 0, 0]
				},
				{
					"name": "wing_left3",
					"parent": "wings2",
					"pivot": [2, 24.32955, 6.97812],
					"rotation": [-4.50432, -19.50645, 13.27463],
					"cubes": [
						{"origin": [2, 13.82955, 6.98812], "size": [27, 21, 0], "uv": [165, 50]}
					]
				},
				{
					"name": "wing_left4",
					"parent": "wing_left3",
					"pivot": [29, 24.32955, 6.97812],
					"rotation": [0, 12.5, 0],
					"cubes": [
						{"origin": [29, 11.82955, 6.98812], "size": [27, 25, 0], "uv": [168, 106]},
						{"origin": [29, 11.82955, 9.48812], "size": [27, 25, 0], "pivot": [42.5, 24.32955, 9.48812], "rotation": [0, -10, 0], "uv": [168, 106]},
						{"origin": [45.5, 14.82955, 7.03812], "size": [15, 19, 0], "uv": [191, 159]}
					]
				},
				{
					"name": "wing_right3",
					"parent": "wings2",
					"pivot": [-2, 24.32955, 6.97812],
					"rotation": [-4.50432, 19.50645, -13.27463],
					"cubes": [
						{"origin": [-29, 13.82955, 6.98812], "size": [27, 21, 0], "uv": [165, 50], "mirror": true}
					]
				},
				{
					"name": "wing_right4",
					"parent": "wing_right3",
					"pivot": [-29, 24.32955, 6.97812],
					"rotation": [0, -12.5, 0],
					"cubes": [
						{"origin": [-56, 11.82955, 6.98812], "size": [27, 25, 0], "uv": [168, 106], "mirror": true},
						{"origin": [-56, 11.82955, 9.48812], "size": [27, 25, 0], "pivot": [-42.5, 24.32955, 9.48812], "rotation": [0, 10, 0], "uv": [168, 106], "mirror": true},
						{"origin": [-61, 14.82955, 6.98812], "size": [15, 19, 0], "pivot": [-40, 24.32955, 6.98812], "rotation": [0, 5, 0], "uv": [191, 159], "mirror": true}
					]
				},
				{
					"name": "locator_seat_1",
					"parent": "chest",
					"pivot": [0, 18.13076, 8.2668],
					"rotation": [-82.5, 0, 0],
					"locators": {
						"seat_1": {
							"offset": [0, 18.13076, 8.2668],
							"rotation": [5, 0, 0]
						}
					}
				},
				{
					"name": "tail",
					"parent": "torso",
					"pivot": [0, 8.25, 4],
					"cubes": [
						{"origin": [-6, 2.16751, -1.94292], "size": [12, 10, 18], "uv": [1, 225]}
					]
				},
				{
					"name": "tail2",
					"parent": "tail",
					"pivot": [0, 7.16751, 16.05708],
					"cubes": [
						{"origin": [-5, 2.66751, 14.55708], "size": [10, 9, 15], "uv": [4, 196]},
						{"origin": [0, 6.66751, 19.05708], "size": [0, 12, 11], "uv": [140, -9]}
					]
				},
				{
					"name": "tail3",
					"parent": "tail2",
					"pivot": [0, 7.16751, 29.55708],
					"cubes": [
						{"origin": [-4, 3.66751, 28.05708], "size": [8, 7, 15], "uv": [63, 232]},
						{"origin": [0, 7.66751, 31.55708], "size": [0, 10, 12], "uv": [139, -10]}
					]
				},
				{
					"name": "tail4",
					"parent": "tail3",
					"pivot": [0, 7.16751, 43.05708],
					"cubes": [
						{"origin": [-3, 4.16751, 41.55708], "size": [6, 6, 14], "uv": [44, 210]},
						{"origin": [0, 8.16751, 45.05708], "size": [0, 9, 9], "uv": [141, 9]}
					]
				},
				{
					"name": "tail5",
					"parent": "tail4",
					"pivot": [0, 7.16751, 55.55708],
					"cubes": [
						{"origin": [-2, 5.16751, 54.05708], "size": [4, 4, 12], "uv": [112, 237]},
						{"origin": [0, 6.16751, 56.55708], "size": [0, 9, 12], "uv": [138, 18]}
					]
				},
				{
					"name": "tail6",
					"parent": "tail5",
					"pivot": [0, 7.16751, 66.05708],
					"cubes": [
						{"origin": [-1.5, 5.66751, 64.55708], "size": [3, 3, 11], "uv": [0, 70]},
						{"origin": [0, 5.66751, 65.55708], "size": [0, 8, 9], "uv": [141, 10]}
					]
				},
				{
					"name": "tail_fins",
					"parent": "tail6",
					"pivot": [0, 7.26751, 75.55708]
				},
				{
					"name": "tail_fin_center",
					"parent": "tail_fins",
					"pivot": [0, 7.26751, 75.55708],
					"rotation": [7.5, 0, 0],
					"cubes": [
						{"origin": [-4.5, 7.26751, 75.55708], "size": [9, 0, 15], "uv": [177, 2]}
					]
				},
				{
					"name": "tail_fin_left",
					"parent": "tail_fins",
					"pivot": [1, 7.39251, 74.80708],
					"rotation": [0, 45, 0],
					"cubes": [
						{"origin": [-3.5, 7.39251, 74.80708], "size": [9, 0, 15], "uv": [221, 2]}
					]
				},
				{
					"name": "tail_fin_left2",
					"parent": "tail_fins",
					"pivot": [1, 7.14251, 74.80708],
					"rotation": [0, 90, 10],
					"cubes": [
						{"origin": [-3.5, 7.14251, 74.80708], "size": [9, 0, 15], "uv": [199, 2]}
					]
				},
				{
					"name": "tail_fin_right",
					"parent": "tail_fins",
					"pivot": [-1, 7.39251, 74.80708],
					"rotation": [0, -45, 0],
					"cubes": [
						{"origin": [-5.5, 7.39251, 74.80708], "size": [9, 0, 15], "uv": [221, 2], "mirror": true}
					]
				},
				{
					"name": "tail_fin_right2",
					"parent": "tail_fins",
					"pivot": [-1, 7.16751, 74.80708],
					"rotation": [0, -90, -10],
					"cubes": [
						{"origin": [-5.5, 7.16751, 74.80708], "size": [9, 0, 15], "uv": [199, 2], "mirror": true}
					]
				},
				{
					"name": "legs",
					"parent": "body",
					"pivot": [0, 15, 2]
				},
				{
					"name": "leg_left",
					"parent": "legs",
					"pivot": [6.5, 15.5, 2],
					"cubes": [
						{"origin": [5.5, 12, -3], "size": [5, 7, 10], "uv": [0, 84]},
						{"origin": [5, 3.5, -3.5], "size": [6, 9, 11], "uv": [0, 101]},
						{"origin": [6, 7, -4.15], "size": [4, 5, 1], "pivot": [8, 9.5, -3.65], "rotation": [-7.5, 0, 0], "uv": [15, 139]}
					]
				},
				{
					"name": "leg_left2",
					"parent": "leg_left",
					"pivot": [8, 3.5, -0.5],
					"cubes": [
						{"origin": [6.5, 1, -0.5], "size": [3, 4, 5], "uv": [101, 88]}
					]
				},
				{
					"name": "foot_left",
					"parent": "leg_left2",
					"pivot": [8, 2, 2],
					"cubes": [
						{"origin": [6, 0, -1.5], "size": [4, 2, 8], "inflate": 0.01, "uv": [57, 96]}
					]
				},
				{
					"name": "foot_left2",
					"parent": "foot_left",
					"pivot": [8, 0, -1.5],
					"cubes": [
						{"origin": [6, 0, -8.5], "size": [4, 2, 7], "inflate": 0.02, "uv": [58, 106]}
					]
				},
				{
					"name": "leg_right",
					"parent": "legs",
					"pivot": [-6.25, 15.5, 2],
					"cubes": [
						{"origin": [-10.25, 12, -3], "size": [5, 7, 10], "uv": [30, 87], "mirror": true},
						{"origin": [-10.75, 3.5, -3.5], "size": [6, 9, 11], "uv": [34, 104], "mirror": true},
						{"origin": [-9.75, 7, -4.15], "size": [4, 5, 1], "pivot": [-7.75, 9.5, -3.65], "rotation": [-7.5, 0, 0], "uv": [15, 139], "mirror": true}
					]
				},
				{
					"name": "leg_right2",
					"parent": "leg_right",
					"pivot": [-7.75, 3.5, -0.5],
					"cubes": [
						{"origin": [-9.25, 1, -0.5], "size": [3, 4, 5], "uv": [117, 88], "mirror": true}
					]
				},
				{
					"name": "foot_right",
					"parent": "leg_right2",
					"pivot": [-7.75, 2, 2],
					"cubes": [
						{"origin": [-9.75, 0, -1.5], "size": [4, 2, 8], "inflate": 0.01, "uv": [73, 98], "mirror": true}
					]
				},
				{
					"name": "foot_right2",
					"parent": "foot_right",
					"pivot": [-7.75, 0, -1.5],
					"cubes": [
						{"origin": [-9.75, 0, -8.5], "size": [4, 2, 7], "inflate": 0.02, "uv": [73, 108], "mirror": true}
					]
				}
			]
		}
	]
}