{
  "parent": "minecraft:item/handheld",
  "textures": {
    "layer0": "minecraft:item/paper"
  },
  "overrides": [
    {
      "model": "horret-fakemegas:item/noivernite",
      "predicate": {
        "custom_model_data": 220001
      }
    },
    {
      "model": "horret-fakemegas:item/cerulite",
      "predicate": {
        "custom_model_data": 220002
      }
    },
    {
      "model": "horret-fakemegas:item/flygonite",
      "predicate": {
        "custom_model_data": 220003
      }
    },
    {
      "model": "horret-fakemegas:item/drifblimite",
      "predicate": {
        "custom_model_data": 220004
      }
    }
  ]
}