{
    "implemented": true,
    "nationalPokedexNumber": 997,
    "name": "Arctibax",
    "primaryType": "dragon",
    "secondaryType": "ice",
    "maleRatio": 0.5,
    "height": 8,
    "weight": 300,
    "pokedex": [
        "cobblemon.species.arctibax.desc"
    ],
    "labels": [
        "gen9"
    ],
    "aspects": [],
    "abilities": [
        "thermalexchange",
        "h:icebody"
    ],
    "eggGroups": [
        "dragon",
        "mineral"
    ],
    "baseStats": {
        "hp": 90,
        "attack": 95,
        "defence": 66,
        "special_attack": 45,
        "special_defence": 65,
        "speed": 62
    },
    "evYield": {
        "hp": 0,
        "attack": 2,
        "defence": 0,
        "special_attack": 0,
        "special_defence": 0,
        "speed": 0
    },
    "baseExperienceYield": 148,
    "experienceGroup": "slow",
    "catchRate": 25,
    "eggCycles": 40,
    "baseFriendship": 50,
    "drops": {
        "amount": 1,
        "entries": [
            {
                "item": "cobblemon:haban_berry",
                "percentage": 5.0
            }
        ]
    },
    "moves": [
        "1:tackle",
        "1:leer",
        "1:dragontail",
        "6:icywind",
        "12:dragonbreath",
        "18:focusenergy",
        "24:bite",
        "29:icefang",
        "40:takedown",
        "45:icebeam",
        "50:crunch",
        "55:iciclecrash",
        "egg:aquatail",
        "egg:dragonrush",
        "egg:freezedry",
        "egg:iciclespear",
        "tm:aerialace",
        "tm:aquatail",
        "tm:avalanche",
        "tm:blizzard",
        "tm:bodyslam",
        "tm:brickbreak",
        "tm:crunch",
        "tm:dig",
        "tm:dracometeor",
        "tm:dragonclaw",
        "tm:dragonpulse",
        "tm:dragontail",
        "tm:endure",
        "tm:facade",
        "tm:focusenergy",
        "tm:helpinghand",
        "tm:icebeam",
        "tm:icefang",
        "tm:iciclespear",
        "tm:icywind",
        "tm:ironhead",
        "tm:outrage",
        "tm:protect",
        "tm:raindance",
        "tm:rest",
        "tm:scaryface",
        "tm:sleeptalk",
        "tm:snowscape",
        "tm:substitute",
        "tm:swordsdance",
        "tm:takedown",
        "tm:terablast",
        "tutor:aerialace",
        "tutor:aquatail",
        "tutor:dracometeor",
        "tutor:dragonpulse",
        "tutor:focusenergy",
        "tutor:helpinghand",
        "tutor:icebeam",
        "tutor:icefang",
        "tutor:icywind",
        "tutor:ironhead",
        "tutor:outrage",
        "tutor:rest",
        "tutor:sleeptalk"
    ],
    "preEvolution": "frigibax",
    "evolutions": [
        {
            "id": "arctibax_baxcalibur",
            "variant": "level_up",
            "result": "baxcalibur",
            "consumeHeldItem": false,
            "learnableMoves": [
                "glaiverush"
            ],
            "requirements": [
                {
                    "variant": "level",
                    "minLevel": 54
                }
            ]
        }
    ],
    "behaviour": {
        "herd": {
            "maxSize": "5",
            "toleratedLeaders": [
                {
                    "pokemon": "arctibax",
                    "tier": 1
                },
                {
                    "pokemon": "baxcalibur",
                    "tier": 2
                }
            ]
        },
        "moving": {
            "swim": {
                "avoidsWater": true
            }
        },
        "combat": {
            "willDefendSelf": true,
            "willDefendOwner": true,
            "willFlee": false
        },
        "resting": {
            "drowsyChance": 0.0333,
            "rouseChance": 0.0042
        }
    }
}