{
    "implemented": true,
    "nationalPokedexNumber": 986,
    "name": "Brute Bonnet",
    "primaryType": "grass",
    "secondaryType": "dark",
    "maleRatio": -1,
    "height": 12,
    "weight": 210,
    "pokedex": [
        "cobblemon.species.brutebonnet.desc"
    ],
    "labels": [
        "gen9",
        "paradox"
    ],
    "aspects": [],
    "abilities": [
        "protosynthesis",
        "h:protosynthesis"
    ],
    "eggGroups": [
        "undiscovered"
    ],
    "baseStats": {
        "hp": 111,
        "attack": 127,
        "defence": 99,
        "special_attack": 79,
        "special_defence": 99,
        "speed": 55
    },
    "evYield": {
        "hp": 0,
        "attack": 3,
        "defence": 0,
        "special_attack": 0,
        "special_defence": 0,
        "speed": 0
    },
    "baseExperienceYield": 285,
    "experienceGroup": "slow",
    "catchRate": 50,
    "eggCycles": 50,
    "baseFriendship": 0,
    "moves": [
        "1:absorb",
        "1:growth",
        "1:astonish",
        "1:sunnyday",
        "7:stunspore",
        "14:megadrain",
        "21:synthesis",
        "28:clearsmog",
        "35:payback",
        "42:thrash",
        "49:gigadrain",
        "56:suckerpunch",
        "63:spore",
        "70:ingrain",
        "77:ragepowder",
        "91:solarbeam",
        "tm:bodypress",
        "tm:bodyslam",
        "tm:bulletseed",
        "tm:closecombat",
        "tm:confuseray",
        "tm:crunch",
        "tm:darkpulse",
        "tm:doubleedge",
        "tm:earthpower",
        "tm:endure",
        "tm:energyball",
        "tm:facade",
        "tm:gigadrain",
        "tm:gigaimpact",
        "tm:grassknot",
        "tm:grassyterrain",
        "tm:hex",
        "tm:hyperbeam",
        "tm:lashout",
        "tm:leafstorm",
        "tm:magicalleaf",
        "tm:outrage",
        "tm:payback",
        "tm:pollenpuff",
        "tm:protect",
        "tm:rest",
        "tm:scaryface",
        "tm:seedbomb",
        "tm:sleeptalk",
        "tm:solarbeam",
        "tm:stompingtantrum",
        "tm:substitute",
        "tm:suckerpunch",
        "tm:sunnyday",
        "tm:synthesis",
        "tm:taunt",
        "tm:terablast",
        "tm:thief",
        "tm:trailblaze",
        "tm:venoshock",
        "tm:zenheadbutt",
        "tutor:darkpulse",
        "tutor:earthpower",
        "tutor:energyball",
        "tutor:gigadrain",
        "tutor:gigaimpact",
        "tutor:hyperbeam",
        "tutor:lashout",
        "tutor:magicalleaf",
        "tutor:outrage",
        "tutor:rest",
        "tutor:seedbomb",
        "tutor:sleeptalk",
        "tutor:stompingtantrum",
        "tutor:suckerpunch",
        "tutor:synthesis",
        "tutor:zenheadbutt"
    ],
    "evolutions": [],
    "behaviour": {
        "herd": {
            "maxSize": "6",
            "toleratedLeaders": [
                {
                    "pokemon": "brutebonnet",
                    "tier": 1
                }
            ]
        },
        "moving": {
            "swim": {
                "avoidsWater": true
            }
        },
        "combat": {
            "willDefendSelf": true,
            "willDefendOwner": true,
            "willFlee": false
        },
        "resting": {
            "drowsyChance": 0.0333,
            "rouseChance": 0.0042
        }
    }
}