{
    "implemented": true,
    "nationalPokedexNumber": 1016,
    "name": "Fezandipiti",
    "primaryType": "poison",
    "secondaryType": "fairy",
    "maleRatio": 1,
    "height": 14,
    "weight": 301,
    "pokedex": [
        "cobblemon.species.fezandipiti.desc"
    ],
    "labels": [
        "gen9",
        "legendary"
    ],
    "aspects": [],
    "abilities": [
        "toxicchain",
        "h:technician"
    ],
    "eggGroups": [
        "undiscovered"
    ],
    "baseStats": {
        "hp": 88,
        "attack": 91,
        "defence": 82,
        "special_attack": 70,
        "special_defence": 125,
        "speed": 99
    },
    "evYield": {
        "hp": 0,
        "attack": 0,
        "defence": 0,
        "special_attack": 0,
        "special_defence": 3,
        "speed": 0
    },
    "baseExperienceYield": 278,
    "experienceGroup": "slow",
    "catchRate": 3,
    "eggCycles": 120,
    "baseFriendship": 0,
    "drops": {
        "amount": 1,
        "entries": [
            {
                "item": "cobblemon:fairy_feather"
            }
        ]
    },
    "moves": [
        "1:doublekick",
        "1:peck",
        "1:poisongas",
        "1:disarmingvoice",
        "8:quickattack",
        "16:attract",
        "24:wingattack",
        "32:crosspoison",
        "40:tailslap",
        "48:beatup",
        "56:swagger",
        "56:flatter",
        "64:roost",
        "72:moonblast",
        "tm:acidspray",
        "tm:acrobatics",
        "tm:aerialace",
        "tm:agility",
        "tm:aircutter",
        "tm:airslash",
        "tm:alluringvoice",
        "tm:attract",
        "tm:beatup",
        "tm:bravebird",
        "tm:calmmind",
        "tm:charm",
        "tm:crosspoison",
        "tm:darkpulse",
        "tm:dazzlinggleam",
        "tm:disarmingvoice",
        "tm:dualwingbeat",
        "tm:endure",
        "tm:facade",
        "tm:fly",
        "tm:gigaimpact",
        "tm:gunkshot",
        "tm:heatwave",
        "tm:hex",
        "tm:hurricane",
        "tm:hyperbeam",
        "tm:icywind",
        "tm:lashout",
        "tm:lightscreen",
        "tm:nastyplot",
        "tm:playrough",
        "tm:poisonjab",
        "tm:poisontail",
        "tm:protect",
        "tm:psychup",
        "tm:rest",
        "tm:roost",
        "tm:shadowball",
        "tm:shadowclaw",
        "tm:sleeptalk",
        "tm:sludgebomb",
        "tm:spite",
        "tm:substitute",
        "tm:swagger",
        "tm:swift",
        "tm:swordsdance",
        "tm:tailslap",
        "tm:tailwind",
        "tm:takedown",
        "tm:taunt",
        "tm:terablast",
        "tm:thief",
        "tm:toxic",
        "tm:uproar",
        "tm:uturn",
        "tm:venoshock",
        "tutor:aerialace",
        "tutor:aircutter",
        "tutor:calmmind",
        "tutor:darkpulse",
        "tutor:dazzlinggleam",
        "tutor:dualwingbeat",
        "tutor:gigaimpact",
        "tutor:gunkshot",
        "tutor:heatwave",
        "tutor:hyperbeam",
        "tutor:icywind",
        "tutor:lashout",
        "tutor:playrough",
        "tutor:poisonjab",
        "tutor:rest",
        "tutor:roost",
        "tutor:shadowball",
        "tutor:shadowclaw",
        "tutor:sleeptalk",
        "tutor:sludgebomb",
        "tutor:spite",
        "tutor:swift",
        "tutor:tailwind",
        "tutor:uproar"
    ],
    "evolutions": [],
    "behaviour": {
        "herd": {
            "maxSize": "4",
            "toleratedLeaders": [
                {
                    "pokemon": "okidogi",
                    "tier": 1
                },
                {
                    "pokemon": "munkidori",
                    "tier": 1
                },
                {
                    "pokemon": "fezandipiti",
                    "tier": 2
                },
                {
                    "pokemon": "pecharunt",
                    "tier": 3
                }
            ]
        },
        "moving": {
            "swim": {
                "avoidsWater": true
            },
            "fly": {
                "canFly": true
            }
        },
        "combat": {
            "willDefendSelf": true,
            "willDefendOwner": true,
            "willFlee": false
        },
        "resting": {
            "drowsyChance": 0.0333,
            "rouseChance": 0.0042
        }
    }
}