{
    "implemented": true,
    "nationalPokedexNumber": 996,
    "name": "Frigibax",
    "primaryType": "dragon",
    "secondaryType": "ice",
    "maleRatio": 0.5,
    "height": 5,
    "weight": 170,
    "pokedex": [
        "cobblemon.species.frigibax.desc"
    ],
    "labels": [
        "gen9"
    ],
    "aspects": [],
    "abilities": [
        "thermalexchange",
        "h:icebody"
    ],
    "eggGroups": [
        "dragon",
        "mineral"
    ],
    "baseStats": {
        "hp": 65,
        "attack": 75,
        "defence": 45,
        "special_attack": 35,
        "special_defence": 45,
        "speed": 55
    },
    "evYield": {
        "hp": 0,
        "attack": 1,
        "defence": 0,
        "special_attack": 0,
        "special_defence": 0,
        "speed": 0
    },
    "baseExperienceYield": 64,
    "experienceGroup": "slow",
    "catchRate": 45,
    "eggCycles": 40,
    "baseFriendship": 50,
    "drops": {
        "amount": 1,
        "entries": [
            {
                "item": "cobblemon:haban_berry",
                "percentage": 2.5
            }
        ]
    },
    "moves": [
        "1:tackle",
        "1:leer",
        "1:dragontail",
        "6:icywind",
        "12:dragonbreath",
        "18:focusenergy",
        "24:bite",
        "29:icefang",
        "32:dragonclaw",
        "36:takedown",
        "40:icebeam",
        "44:crunch",
        "48:iciclecrash",
        "egg:aquatail",
        "egg:dragonrush",
        "egg:freezedry",
        "egg:iciclespear",
        "tm:aquatail",
        "tm:avalanche",
        "tm:blizzard",
        "tm:bodyslam",
        "tm:crunch",
        "tm:dig",
        "tm:dracometeor",
        "tm:dragonclaw",
        "tm:dragonpulse",
        "tm:dragontail",
        "tm:endure",
        "tm:facade",
        "tm:focusenergy",
        "tm:helpinghand",
        "tm:icebeam",
        "tm:icefang",
        "tm:iciclespear",
        "tm:icywind",
        "tm:outrage",
        "tm:protect",
        "tm:raindance",
        "tm:rest",
        "tm:sleeptalk",
        "tm:snowscape",
        "tm:substitute",
        "tm:swordsdance",
        "tm:takedown",
        "tm:terablast",
        "tutor:aquatail",
        "tutor:dracometeor",
        "tutor:dragonpulse",
        "tutor:focusenergy",
        "tutor:helpinghand",
        "tutor:icebeam",
        "tutor:icefang",
        "tutor:icywind",
        "tutor:outrage",
        "tutor:rest",
        "tutor:sleeptalk"
    ],
    "evolutions": [
        {
            "id": "frigibax_arctibax",
            "variant": "level_up",
            "result": "arctibax",
            "consumeHeldItem": false,
            "learnableMoves": [],
            "requirements": [
                {
                    "variant": "level",
                    "minLevel": 35
                }
            ]
        }
    ],
    "behaviour": {
        "herd": {
            "maxSize": "4",
            "toleratedLeaders": [
                {
                    "pokemon": "frigibax",
                    "tier": 1
                },
                {
                    "pokemon": "arctibax",
                    "tier": 2
                },
                {
                    "pokemon": "baxcalibur",
                    "tier": 3
                }
            ]
        },
        "resting": {
            "willSleepOnBed": true,
            "drowsyChance": 0.0333,
            "rouseChance": 0.0042
        },
        "moving": {
            "swim": {
                "avoidsWater": true
            }
        },
        "combat": {
            "willDefendSelf": true,
            "willDefendOwner": true,
            "willFlee": false
        }
    }
}