{
    "implemented": true,
    "nationalPokedexNumber": 1020,
    "name": "Gouging Fire",
    "primaryType": "fire",
    "secondaryType": "dragon",
    "maleRatio": -1,
    "height": 35,
    "weight": 5900,
    "pokedex": [
        "cobblemon.species.gougingfire.desc"
    ],
    "labels": [
        "gen9",
        "paradox"
    ],
    "aspects": [],
    "abilities": [
        "protosynthesis",
        "h:protosynthesis"
    ],
    "eggGroups": [
        "undiscovered"
    ],
    "baseStats": {
        "hp": 105,
        "attack": 115,
        "defence": 121,
        "special_attack": 65,
        "special_defence": 93,
        "speed": 91
    },
    "evYield": {
        "hp": 0,
        "attack": 0,
        "defence": 3,
        "special_attack": 0,
        "special_defence": 0,
        "speed": 0
    },
    "baseExperienceYield": 295,
    "experienceGroup": "slow",
    "catchRate": 10,
    "eggCycles": 50,
    "baseFriendship": 0,
    "moves": [
        "1:stomp",
        "1:leer",
        "1:incinerate",
        "1:sunnyday",
        "1:doublekick",
        "1:ancientpower",
        "1:nobleroar",
        "7:firefang",
        "14:howl",
        "21:bite",
        "28:dragonclaw",
        "35:crushclaw",
        "42:morningsun",
        "49:burningbulwark",
        "56:dragonrush",
        "63:fireblast",
        "70:lavaplume",
        "77:outrage",
        "84:flareblitz",
        "91:ragingfury",
        "tm:ancientpower",
        "tm:bodyslam",
        "tm:breakingswipe",
        "tm:bulldoze",
        "tm:crunch",
        "tm:doubleedge",
        "tm:dracometeor",
        "tm:dragoncheer",
        "tm:dragonclaw",
        "tm:dragondance",
        "tm:dragonpulse",
        "tm:dragontail",
        "tm:earthquake",
        "tm:endure",
        "tm:facade",
        "tm:fireblast",
        "tm:firefang",
        "tm:firespin",
        "tm:flamecharge",
        "tm:flamethrower",
        "tm:flareblitz",
        "tm:gigaimpact",
        "tm:heatcrash",
        "tm:heatwave",
        "tm:hyperbeam",
        "tm:incinerate",
        "tm:ironhead",
        "tm:outrage",
        "tm:overheat",
        "tm:protect",
        "tm:psychicfangs",
        "tm:rest",
        "tm:reversal",
        "tm:roar",
        "tm:scaleshot",
        "tm:scaryface",
        "tm:scorchingsands",
        "tm:sleeptalk",
        "tm:smartstrike",
        "tm:snarl",
        "tm:stompingtantrum",
        "tm:stoneedge",
        "tm:substitute",
        "tm:sunnyday",
        "tm:takedown",
        "tm:temperflare",
        "tm:terablast",
        "tm:thunderfang",
        "tm:weatherball",
        "tutor:ancientpower",
        "tutor:bulldoze",
        "tutor:dracometeor",
        "tutor:dragonpulse",
        "tutor:firefang",
        "tutor:flamethrower",
        "tutor:gigaimpact",
        "tutor:heatwave",
        "tutor:hyperbeam",
        "tutor:ironhead",
        "tutor:outrage",
        "tutor:rest",
        "tutor:scaleshot",
        "tutor:scorchingsands",
        "tutor:sleeptalk",
        "tutor:snarl",
        "tutor:stompingtantrum",
        "tutor:stoneedge",
        "tutor:thunderfang"
    ],
    "evolutions": [],
    "behaviour": {
        "herd": {
            "maxSize": "4",
            "toleratedLeaders": [
                {
                    "pokemon": "gougingfire",
                    "tier": 1
                }
            ]
        },
        "moving": {
            "swim": {
                "avoidsWater": true,
                "canSwimInLava": true
            }
        },
        "combat": {
            "willDefendSelf": true,
            "willDefendOwner": true,
            "willFlee": false
        },
        "resting": {
            "drowsyChance": 0.0333,
            "rouseChance": 0.0042
        },
        "fireImmune": true
    }
}