{
    "implemented": true,
    "nationalPokedexNumber": 806,
    "name": "Blacephalon",
    "primaryType": "fire",
    "secondaryType": "ghost",
    "maleRatio": -1,
    "height": 18,
    "weight": 130,
    "pokedex": [
        "cobblemon.species.blacephalon.desc"
    ],
    "labels": [
        "gen7",
        "ultra_beast"
    ],
    "aspects": [],
    "abilities": [
        "beastboost",
        "h:beastboost"
    ],
    "eggGroups": [
        "undiscovered"
    ],
    "baseStats": {
        "hp": 53,
        "attack": 127,
        "defence": 53,
        "special_attack": 151,
        "special_defence": 79,
        "speed": 107
    },
    "evYield": {
        "hp": 0,
        "attack": 0,
        "defence": 0,
        "special_attack": 3,
        "special_defence": 0,
        "speed": 0
    },
    "baseExperienceYield": 285,
    "experienceGroup": "slow",
    "catchRate": 30,
    "eggCycles": 120,
    "baseFriendship": 0,
    "baseScale": 1,
    "hitbox": {
        "width": 1,
        "height": 1,
        "fixed": false
    },
    "drops": {
        "amount": 3,
        "entries": [
            {
                "item": "minecraft:echo_shard",
                "quantityRange": "1-3"
            }
        ]
    },
    "moves": [
        "1:astonish",
        "1:flameburst",
        "1:firespin",
        "5:lightscreen",
        "10:ember",
        "15:nightshade",
        "20:confuseray",
        "25:magiccoat",
        "30:incinerate",
        "35:hypnosis",
        "40:mysticalfire",
        "45:shadowball",
        "50:calmmind",
        "55:willowisp",
        "60:trick",
        "65:fireblast",
        "70:mindblown",
        "tm:afteryou",
        "tm:calmmind",
        "tm:confuseray",
        "tm:darkpulse",
        "tm:encore",
        "tm:endure",
        "tm:expandingforce",
        "tm:explosion",
        "tm:facade",
        "tm:fireblast",
        "tm:firepunch",
        "tm:firespin",
        "tm:flamecharge",
        "tm:flamethrower",
        "tm:fling",
        "tm:foulplay",
        "tm:heatwave",
        "tm:hyperbeam",
        "tm:incinerate",
        "tm:knockoff",
        "tm:lastresort",
        "tm:lightscreen",
        "tm:magiccoat",
        "tm:mysticalfire",
        "tm:nightshade",
        "tm:overheat",
        "tm:painsplit",
        "tm:payback",
        "tm:protect",
        "tm:psychic",
        "tm:psyshock",
        "tm:quash",
        "tm:recycle",
        "tm:rest",
        "tm:rockblast",
        "tm:selfdestruct",
        "tm:shadowball",
        "tm:shadowclaw",
        "tm:sleeptalk",
        "tm:smackdown",
        "tm:solarbeam",
        "tm:spite",
        "tm:storedpower",
        "tm:substitute",
        "tm:sunnyday",
        "tm:taunt",
        "tm:terablast",
        "tm:thief",
        "tm:torment",
        "tm:trick",
        "tm:uproar",
        "tm:willowisp",
        "tm:zenheadbutt",
        "tutor:afteryou",
        "tutor:calmmind",
        "tutor:darkpulse",
        "tutor:expandingforce",
        "tutor:firepunch",
        "tutor:flamethrower",
        "tutor:foulplay",
        "tutor:heatwave",
        "tutor:hyperbeam",
        "tutor:knockoff",
        "tutor:lastresort",
        "tutor:magiccoat",
        "tutor:mysticalfire",
        "tutor:painsplit",
        "tutor:psychic",
        "tutor:recycle",
        "tutor:rest",
        "tutor:shadowball",
        "tutor:shadowclaw",
        "tutor:sleeptalk",
        "tutor:spite",
        "tutor:trick",
        "tutor:uproar",
        "tutor:zenheadbutt",
        "legacy:confide",
        "legacy:doubleteam",
        "legacy:frustration",
        "legacy:hiddenpower",
        "legacy:return",
        "legacy:round",
        "legacy:snore",
        "legacy:swagger",
        "legacy:toxic"
    ],
    "evolutions": [],
    "behaviour": {
        "moving": {
            "swim": {
                "avoidsWater": true,
                "canSwimInLava": true
            }
        },
        "combat": {
            "willDefendSelf": true,
            "willDefendOwner": true,
            "willFlee": false
        },
        "resting": {
            "times": [
                "any"
            ],
            "drowsyChance": 0.0014,
            "rouseChance": 0.0042
        },
        "fireImmune": true
    }
}