{
  "implemented": true,
  "nationalPokedexNumber": 794,
  "name": "Buzzwole",
  "primaryType": "bug",
  "secondaryType": "fighting",
  "maleRatio": -1,
  "height": 24,
  "weight": 3336,
  "pokedex": [
    "cobblemon.species.buzzwole.desc"
  ],
  "labels": [
    "gen7",
    "ultra_beast"
  ],
  "aspects": [],
  "abilities": [
    "beastboost",
    "h:beastboost"
  ],
  "eggGroups": [
    "undiscovered"
  ],
  "baseStats": {
    "hp": 107,
    "attack": 139,
    "defence": 139,
    "special_attack": 53,
    "special_defence": 53,
    "speed": 79
  },
  "evYield": {
    "hp": 0,
    "attack": 1,
    "defence": 2,
    "special_attack": 0,
    "special_defence": 0,
    "speed": 0
  },
  "baseExperienceYield": 285,
  "experienceGroup": "slow",
  "catchRate": 45,
  "eggCycles": 120,
  "baseFriendship": 0,
  "baseScale": 1,
  "hitbox": {
    "width": 1,
    "height": 1,
    "fixed": false
  },
  "drops": {
    "amount": 3,
    "entries": [
      {
        "item": "minecraft:echo_shard",
        "quantityRange": "1-3"
      }
    ]
  },
  "moves": [
    "1:harden",
    "1:poweruppunch",
    "1:cometpunch",
    "5:taunt",
    "10:fellstinger",
    "15:vitalthrow",
    "20:bulkup",
    "25:endure",
    "30:reversal",
    "35:megapunch",
    "40:lunge",
    "45:focusenergy",
    "50:dynamicpunch",
    "55:counter",
    "60:hammerarm",
    "65:superpower",
    "70:focuspunch",
    "tm:bodyslam",
    "tm:bounce",
    "tm:brickbreak",
    "tm:bugbite",
    "tm:bulkup",
    "tm:bulldoze",
    "tm:closecombat",
    "tm:coaching",
    "tm:darkestlariat",
    "tm:drainpunch",
    "tm:dualchop",
    "tm:dualwingbeat",
    "tm:earthquake",
    "tm:endeavor",
    "tm:endure",
    "tm:facade",
    "tm:falseswipe",
    "tm:fling",
    "tm:focusenergy",
    "tm:focuspunch",
    "tm:gigaimpact",
    "tm:gyroball",
    "tm:highhorsepower",
    "tm:icepunch",
    "tm:ironhead",
    "tm:leechlife",
    "tm:lowsweep",
    "tm:lunge",
    "tm:megapunch",
    "tm:outrage",
    "tm:payback",
    "tm:poisonjab",
    "tm:poweruppunch",
    "tm:protect",
    "tm:rest",
    "tm:revenge",
    "tm:reversal",
    "tm:rockslide",
    "tm:rocktomb",
    "tm:roost",
    "tm:sleeptalk",
    "tm:smackdown",
    "tm:stompingtantrum",
    "tm:stoneedge",
    "tm:substitute",
    "tm:superpower",
    "tm:taunt",
    "tm:terablast",
    "tm:thunderpunch",
    "tm:workup",
    "tutor:bounce",
    "tutor:bugbite",
    "tutor:bulkup",
    "tutor:bulldoze",
    "tutor:coaching",
    "tutor:drainpunch",
    "tutor:dualchop",
    "tutor:dualwingbeat",
    "tutor:endeavor",
    "tutor:falseswipe",
    "tutor:focusenergy",
    "tutor:focuspunch",
    "tutor:gigaimpact",
    "tutor:highhorsepower",
    "tutor:icepunch",
    "tutor:ironhead",
    "tutor:leechlife",
    "tutor:outrage",
    "tutor:poisonjab",
    "tutor:rest",
    "tutor:rockslide",
    "tutor:roost",
    "tutor:sleeptalk",
    "tutor:stompingtantrum",
    "tutor:stoneedge",
    "tutor:superpower",
    "tutor:thunderpunch"
  ],
  "evolutions": []
}