{
    "implemented": true,
    "nationalPokedexNumber": 797,
    "name": "Celesteela",
    "primaryType": "steel",
    "secondaryType": "flying",
    "maleRatio": -1,
    "height": 92,
    "weight": 9999,
    "pokedex": [
        "cobblemon.species.celesteela.desc"
    ],
    "labels": [
        "gen7",
        "ultra_beast"
    ],
    "aspects": [],
    "abilities": [
        "beastboost",
        "h:beastboost"
    ],
    "eggGroups": [
        "undiscovered"
    ],
    "baseStats": {
        "hp": 97,
        "attack": 101,
        "defence": 103,
        "special_attack": 107,
        "special_defence": 101,
        "speed": 61
    },
    "evYield": {
        "hp": 0,
        "attack": 1,
        "defence": 1,
        "special_attack": 1,
        "special_defence": 0,
        "speed": 0
    },
    "baseExperienceYield": 285,
    "experienceGroup": "slow",
    "catchRate": 45,
    "eggCycles": 120,
    "baseFriendship": 0,
    "baseScale": 1,
    "hitbox": {
        "width": 1,
        "height": 1,
        "fixed": false
    },
    "drops": {
        "amount": 3,
        "entries": [
            {
                "item": "minecraft:echo_shard",
                "quantityRange": "1-3"
            }
        ]
    },
    "moves": [
        "1:absorb",
        "1:tackle",
        "5:harden",
        "10:wideguard",
        "15:megadrain",
        "20:smackdown",
        "25:ingrain",
        "30:autotomize",
        "35:gigadrain",
        "40:flashcannon",
        "45:metalsound",
        "50:irondefense",
        "55:leechseed",
        "60:heavyslam",
        "65:doubleedge",
        "70:skullbash",
        "tm:acrobatics",
        "tm:airslash",
        "tm:block",
        "tm:bodyslam",
        "tm:brutalswing",
        "tm:bulldoze",
        "tm:doubleedge",
        "tm:earthquake",
        "tm:endure",
        "tm:energyball",
        "tm:explosion",
        "tm:facade",
        "tm:fireblast",
        "tm:flamecharge",
        "tm:flamethrower",
        "tm:flashcannon",
        "tm:fly",
        "tm:gigadrain",
        "tm:gigaimpact",
        "tm:grassknot",
        "tm:gravity",
        "tm:gyroball",
        "tm:heavyslam",
        "tm:hyperbeam",
        "tm:irondefense",
        "tm:ironhead",
        "tm:magnetrise",
        "tm:megahorn",
        "tm:metalsound",
        "tm:meteorbeam",
        "tm:protect",
        "tm:rest",
        "tm:rockslide",
        "tm:seedbomb",
        "tm:selfdestruct",
        "tm:shockwave",
        "tm:sleeptalk",
        "tm:smackdown",
        "tm:smartstrike",
        "tm:solarbeam",
        "tm:steelbeam",
        "tm:steelroller",
        "tm:stompingtantrum",
        "tm:stoneedge",
        "tm:substitute",
        "tm:superpower",
        "tm:terablast",
        "tm:zenheadbutt",
        "tutor:block",
        "tutor:bulldoze",
        "tutor:energyball",
        "tutor:flamethrower",
        "tutor:flashcannon",
        "tutor:gigadrain",
        "tutor:gigaimpact",
        "tutor:gravity",
        "tutor:hyperbeam",
        "tutor:irondefense",
        "tutor:ironhead",
        "tutor:magnetrise",
        "tutor:megahorn",
        "tutor:meteorbeam",
        "tutor:rest",
        "tutor:rockslide",
        "tutor:seedbomb",
        "tutor:shockwave",
        "tutor:sleeptalk",
        "tutor:steelbeam",
        "tutor:steelroller",
        "tutor:stompingtantrum",
        "tutor:stoneedge",
        "tutor:superpower",
        "tutor:zenheadbutt",
        "legacy:confide",
        "legacy:doubleteam",
        "legacy:frustration",
        "legacy:hiddenpower",
        "legacy:return",
        "legacy:round",
        "legacy:snore",
        "legacy:swagger",
        "legacy:toxic"
    ],
    "evolutions": [],
    "behaviour": {
        "moving": {
            "swim": {
                "avoidsWater": true
            },
            "fly": {
                "canFly": true
            },
            "walk": {
                "canWalk": false
            }
        },
        "combat": {
            "willDefendSelf": true,
            "willDefendOwner": true,
            "willFlee": false
        },
        "resting": {
            "times": [
                "any"
            ],
            "drowsyChance": 0.0014,
            "rouseChance": 0.0042
        }
    }
}