{
    "implemented": true,
    "nationalPokedexNumber": 801,
    "name": "Magearna",
    "primaryType": "steel",
    "secondaryType": "fairy",
    "maleRatio": -1,
    "height": 10,
    "weight": 805,
    "pokedex": [
        "cobblemon.species.magearna.desc"
    ],
    "labels": [
        "gen7",
        "mythical"
    ],
    "aspects": [],
    "abilities": [
        "soulheart",
        "h:soulheart"
    ],
    "eggGroups": [
        "undiscovered"
    ],
    "baseStats": {
        "hp": 80,
        "attack": 95,
        "defence": 115,
        "special_attack": 130,
        "special_defence": 115,
        "speed": 65
    },
    "evYield": {
        "hp": 0,
        "attack": 0,
        "defence": 0,
        "special_attack": 3,
        "special_defence": 0,
        "speed": 0
    },
    "baseExperienceYield": 300,
    "experienceGroup": "slow",
    "catchRate": 3,
    "eggCycles": 120,
    "baseFriendship": 0,
    "baseScale": 1,
    "hitbox": {
        "width": 1,
        "height": 1,
        "fixed": false
    },
    "moves": [
        "1:gearup",
        "1:helpinghand",
        "1:sonicboom",
        "1:luckychant",
        "1:mirrorshot",
        "1:mindreader",
        "1:synchronoise",
        "1:heartswap",
        "1:trumpcard",
        "1:gyroball",
        "6:defensecurl",
        "12:rollout",
        "18:irondefense",
        "24:magneticflux",
        "30:psybeam",
        "36:aurorabeam",
        "42:lockon",
        "48:shiftgear",
        "54:craftyshield",
        "60:ironhead",
        "66:aurasphere",
        "72:flashcannon",
        "78:painsplit",
        "84:zapcannon",
        "90:fleurcannon",
        "tm:afteryou",
        "tm:agility",
        "tm:aurasphere",
        "tm:batonpass",
        "tm:bodyslam",
        "tm:brickbreak",
        "tm:calmmind",
        "tm:chargebeam",
        "tm:confuseray",
        "tm:dazzlinggleam",
        "tm:disarmingvoice",
        "tm:drainingkiss",
        "tm:echoedvoice",
        "tm:eerieimpulse",
        "tm:electroball",
        "tm:electroweb",
        "tm:embargo",
        "tm:encore",
        "tm:endure",
        "tm:energyball",
        "tm:explosion",
        "tm:facade",
        "tm:falseswipe",
        "tm:flashcannon",
        "tm:focusblast",
        "tm:gigaimpact",
        "tm:grassknot",
        "tm:gravity",
        "tm:guardswap",
        "tm:gyroball",
        "tm:healbell",
        "tm:heavyslam",
        "tm:helpinghand",
        "tm:hyperbeam",
        "tm:icebeam",
        "tm:icespinner",
        "tm:imprison",
        "tm:irondefense",
        "tm:ironhead",
        "tm:lastresort",
        "tm:lightscreen",
        "tm:magnetrise",
        "tm:metalsound",
        "tm:mistyexplosion",
        "tm:mistyterrain",
        "tm:painsplit",
        "tm:playrough",
        "tm:powerswap",
        "tm:protect",
        "tm:psybeam",
        "tm:psychic",
        "tm:psyshock",
        "tm:reflect",
        "tm:rest",
        "tm:rollout",
        "tm:selfdestruct",
        "tm:shadowball",
        "tm:shockwave",
        "tm:signalbeam",
        "tm:skillswap",
        "tm:sleeptalk",
        "tm:snowscape",
        "tm:solarbeam",
        "tm:speedswap",
        "tm:spikes",
        "tm:steelbeam",
        "tm:steelroller",
        "tm:storedpower",
        "tm:substitute",
        "tm:sunnyday",
        "tm:swift",
        "tm:takedown",
        "tm:terablast",
        "tm:thunderbolt",
        "tm:thunderwave",
        "tm:triattack",
        "tm:trick",
        "tm:trickroom",
        "tm:voltswitch",
        "tm:zenheadbutt",
        "tutor:afteryou",
        "tutor:calmmind",
        "tutor:chargebeam",
        "tutor:dazzlinggleam",
        "tutor:electroweb",
        "tutor:energyball",
        "tutor:falseswipe",
        "tutor:flashcannon",
        "tutor:gigaimpact",
        "tutor:gravity",
        "tutor:healbell",
        "tutor:helpinghand",
        "tutor:hyperbeam",
        "tutor:icebeam",
        "tutor:irondefense",
        "tutor:ironhead",
        "tutor:lastresort",
        "tutor:magnetrise",
        "tutor:mistyexplosion",
        "tutor:painsplit",
        "tutor:playrough",
        "tutor:psychic",
        "tutor:rest",
        "tutor:rollout",
        "tutor:shadowball",
        "tutor:shockwave",
        "tutor:signalbeam",
        "tutor:skillswap",
        "tutor:sleeptalk",
        "tutor:spikes",
        "tutor:steelbeam",
        "tutor:steelroller",
        "tutor:swift",
        "tutor:thunderbolt",
        "tutor:trick",
        "tutor:zenheadbutt",
        "legacy:confide",
        "legacy:doubleteam",
        "legacy:frustration",
        "legacy:hiddenpower",
        "legacy:return",
        "legacy:round",
        "legacy:snore",
        "legacy:swagger"
    ],
    "evolutions": [],
    "forms": [
        {
            "name": "Original",
            "primaryType": "steel",
            "secondaryType": "fairy",
            "maleRatio": -1,
            "height": 10,
            "weight": 805,
            "pokedex": [
                "cobblemon.species.magearna-original.desc"
            ],
            "labels": [
                "gen7",
                "mythical"
            ],
            "aspects": [
                "original-color"
            ],
            "evolutions": [],
            "battleOnly": false
        }
    ],
    "behaviour": {
        "resting": {
            "times": [
                "any"
            ],
            "drowsyChance": 0.0014,
            "rouseChance": 0.0042
        },
        "moving": {
            "swim": {
                "avoidsWater": true
            }
        },
        "combat": {
            "willDefendSelf": true,
            "willDefendOwner": true,
            "willFlee": false
        }
    }
}