{
    "implemented": true,
    "nationalPokedexNumber": 765,
    "name": "Oranguru",
    "primaryType": "normal",
    "secondaryType": "psychic",
    "maleRatio": 0.5,
    "height": 15,
    "weight": 760,
    "pokedex": [
        "cobblemon.species.oranguru.desc"
    ],
    "labels": [
        "gen7"
    ],
    "aspects": [],
    "abilities": [
        "innerfocus",
        "telepathy",
        "h:symbiosis"
    ],
    "eggGroups": [
        "field"
    ],
    "baseStats": {
        "hp": 90,
        "attack": 60,
        "defence": 80,
        "special_attack": 90,
        "special_defence": 110,
        "speed": 60
    },
    "evYield": {
        "hp": 0,
        "attack": 0,
        "defence": 0,
        "special_attack": 0,
        "special_defence": 2,
        "speed": 0
    },
    "baseExperienceYield": 172,
    "experienceGroup": "slow",
    "catchRate": 45,
    "eggCycles": 20,
    "baseFriendship": 50,
    "baseScale": 1,
    "hitbox": {
        "width": 1,
        "height": 1,
        "fixed": false
    },
    "drops": {
        "amount": 2,
        "entries": [
            {
                "item": "cobblemon:wise_glasses",
                "percentage": 5.0
            },
            {
                "item": "cobblemon:nanab_berry",
                "percentage": 5.0
            }
        ]
    },
    "moves": [
        "1:confusion",
        "1:taunt",
        "1:feintattack",
        "5:afteryou",
        "10:calmmind",
        "15:storedpower",
        "20:psychup",
        "25:quash",
        "30:nastyplot",
        "35:zenheadbutt",
        "40:trickroom",
        "45:psychic",
        "50:instruct",
        "55:foulplay",
        "60:futuresight",
        "egg:dreameater",
        "egg:extrasensory",
        "egg:lastresort",
        "egg:yawn",
        "tm:afteryou",
        "tm:allyswitch",
        "tm:block",
        "tm:bodyslam",
        "tm:brickbreak",
        "tm:brutalswing",
        "tm:bulldoze",
        "tm:calmmind",
        "tm:chargebeam",
        "tm:chillingwater",
        "tm:covet",
        "tm:dreameater",
        "tm:earthquake",
        "tm:embargo",
        "tm:encore",
        "tm:endeavor",
        "tm:endure",
        "tm:energyball",
        "tm:expandingforce",
        "tm:facade",
        "tm:fling",
        "tm:focusblast",
        "tm:foulplay",
        "tm:futuresight",
        "tm:gigaimpact",
        "tm:gravity",
        "tm:hyperbeam",
        "tm:hypervoice",
        "tm:imprison",
        "tm:knockoff",
        "tm:lastresort",
        "tm:lightscreen",
        "tm:magiccoat",
        "tm:magicroom",
        "tm:megakick",
        "tm:megapunch",
        "tm:nastyplot",
        "tm:naturepower",
        "tm:painsplit",
        "tm:payback",
        "tm:protect",
        "tm:psybeam",
        "tm:psychic",
        "tm:psychicnoise",
        "tm:psychicterrain",
        "tm:psychup",
        "tm:psyshock",
        "tm:quash",
        "tm:raindance",
        "tm:reflect",
        "tm:rest",
        "tm:rockslide",
        "tm:safeguard",
        "tm:scaryface",
        "tm:shadowball",
        "tm:skillswap",
        "tm:sleeptalk",
        "tm:snatch",
        "tm:storedpower",
        "tm:substitute",
        "tm:sunnyday",
        "tm:swift",
        "tm:takedown",
        "tm:taunt",
        "tm:telekinesis",
        "tm:terablast",
        "tm:terrainpulse",
        "tm:thunder",
        "tm:thunderbolt",
        "tm:trailblaze",
        "tm:trick",
        "tm:trickroom",
        "tm:wonderroom",
        "tm:workup",
        "tm:zenheadbutt",
        "tutor:afteryou",
        "tutor:allyswitch",
        "tutor:block",
        "tutor:bulldoze",
        "tutor:calmmind",
        "tutor:chargebeam",
        "tutor:covet",
        "tutor:endeavor",
        "tutor:energyball",
        "tutor:expandingforce",
        "tutor:foulplay",
        "tutor:gigaimpact",
        "tutor:gravity",
        "tutor:hyperbeam",
        "tutor:hypervoice",
        "tutor:knockoff",
        "tutor:lastresort",
        "tutor:magiccoat",
        "tutor:magicroom",
        "tutor:painsplit",
        "tutor:psychic",
        "tutor:rest",
        "tutor:rockslide",
        "tutor:shadowball",
        "tutor:skillswap",
        "tutor:sleeptalk",
        "tutor:snatch",
        "tutor:swift",
        "tutor:telekinesis",
        "tutor:terrainpulse",
        "tutor:thunderbolt",
        "tutor:trick",
        "tutor:wonderroom",
        "tutor:zenheadbutt",
        "legacy:attract",
        "legacy:confide",
        "legacy:doubleteam",
        "legacy:frustration",
        "legacy:hiddenpower",
        "legacy:return",
        "legacy:round",
        "legacy:snore",
        "legacy:spite",
        "legacy:swagger",
        "legacy:toxic"
    ],
    "evolutions": [],
    "behaviour": {
        "herd": {
            "maxSize": "4",
            "toleratedLeaders": [
                {
                    "pokemon": "oranguru",
                    "tier": 1
                }
            ]
        },
        "moving": {
            "swim": {
                "avoidsWater": true
            }
        },
        "combat": {
            "willDefendSelf": true,
            "willDefendOwner": true,
            "willFlee": false
        },
        "resting": {
            "drowsyChance": 0.0333,
            "rouseChance": 0.0042
        }
    }
}