{
    "implemented": true,
    "nationalPokedexNumber": 766,
    "name": "Passimian",
    "primaryType": "fighting",
    "maleRatio": 0.5,
    "height": 20,
    "weight": 828,
    "pokedex": [
        "cobblemon.species.passimian.desc"
    ],
    "labels": [
        "gen7"
    ],
    "aspects": [],
    "abilities": [
        "receiver",
        "h:defiant"
    ],
    "eggGroups": [
        "field"
    ],
    "baseStats": {
        "hp": 100,
        "attack": 120,
        "defence": 90,
        "special_attack": 40,
        "special_defence": 60,
        "speed": 80
    },
    "evYield": {
        "hp": 0,
        "attack": 2,
        "defence": 0,
        "special_attack": 0,
        "special_defence": 0,
        "speed": 0
    },
    "baseExperienceYield": 172,
    "experienceGroup": "slow",
    "catchRate": 45,
    "eggCycles": 20,
    "baseFriendship": 50,
    "baseScale": 1,
    "hitbox": {
        "width": 1,
        "height": 1,
        "fixed": false
    },
    "drops": {
        "amount": 2,
        "entries": [
            {
                "item": "cobblemon:muscle_band",
                "percentage": 5.0
            },
            {
                "item": "cobblemon:payapa_berry",
                "percentage": 5.0
            }
        ]
    },
    "moves": [
        "1:tackle",
        "1:leer",
        "1:bestow",
        "5:rocksmash",
        "10:focusenergy",
        "15:beatup",
        "20:scaryface",
        "25:takedown",
        "30:fling",
        "35:bulkup",
        "40:thrash",
        "45:doubleedge",
        "50:closecombat",
        "55:reversal",
        "60:gigaimpact",
        "egg:counter",
        "egg:feint",
        "egg:knockoff",
        "egg:quickattack",
        "egg:quickguard",
        "egg:seismictoss",
        "egg:vitalthrow",
        "tm:acrobatics",
        "tm:assurance",
        "tm:batonpass",
        "tm:beatup",
        "tm:block",
        "tm:bodyslam",
        "tm:brickbreak",
        "tm:brutalswing",
        "tm:bulkup",
        "tm:bulldoze",
        "tm:chillingwater",
        "tm:closecombat",
        "tm:coaching",
        "tm:curse",
        "tm:doubleedge",
        "tm:drainpunch",
        "tm:earthquake",
        "tm:electroweb",
        "tm:endure",
        "tm:energyball",
        "tm:facade",
        "tm:fling",
        "tm:focusblast",
        "tm:focusenergy",
        "tm:focuspunch",
        "tm:gigaimpact",
        "tm:grassknot",
        "tm:gunkshot",
        "tm:gyroball",
        "tm:hyperbeam",
        "tm:ironhead",
        "tm:irontail",
        "tm:knockoff",
        "tm:laserfocus",
        "tm:lowkick",
        "tm:lowsweep",
        "tm:megakick",
        "tm:megapunch",
        "tm:painsplit",
        "tm:payback",
        "tm:protect",
        "tm:raindance",
        "tm:rest",
        "tm:retaliate",
        "tm:revenge",
        "tm:reversal",
        "tm:rockslide",
        "tm:rocksmash",
        "tm:rocktomb",
        "tm:scaryface",
        "tm:seedbomb",
        "tm:shadowball",
        "tm:shockwave",
        "tm:sleeptalk",
        "tm:smackdown",
        "tm:snatch",
        "tm:substitute",
        "tm:sunnyday",
        "tm:superpower",
        "tm:takedown",
        "tm:taunt",
        "tm:terablast",
        "tm:thief",
        "tm:trailblaze",
        "tm:upperhand",
        "tm:uproar",
        "tm:uturn",
        "tm:vacuumwave",
        "tm:workup",
        "tutor:block",
        "tutor:bulkup",
        "tutor:bulldoze",
        "tutor:coaching",
        "tutor:drainpunch",
        "tutor:electroweb",
        "tutor:energyball",
        "tutor:focusenergy",
        "tutor:focuspunch",
        "tutor:gigaimpact",
        "tutor:gunkshot",
        "tutor:hyperbeam",
        "tutor:ironhead",
        "tutor:irontail",
        "tutor:knockoff",
        "tutor:laserfocus",
        "tutor:lowkick",
        "tutor:painsplit",
        "tutor:rest",
        "tutor:rockslide",
        "tutor:rocksmash",
        "tutor:seedbomb",
        "tutor:shadowball",
        "tutor:shockwave",
        "tutor:sleeptalk",
        "tutor:snatch",
        "tutor:superpower",
        "tutor:uproar",
        "tutor:vacuumwave",
        "legacy:aerialace",
        "legacy:attract",
        "legacy:confide",
        "legacy:doubleteam",
        "legacy:endeavor",
        "legacy:frustration",
        "legacy:hiddenpower",
        "legacy:return",
        "legacy:round",
        "legacy:snore",
        "legacy:swagger",
        "legacy:toxic"
    ],
    "evolutions": [],
    "behaviour": {
        "herd": {
            "maxSize": "4",
            "toleratedLeaders": [
                {
                    "pokemon": "passimian",
                    "tier": 1
                }
            ]
        },
        "moving": {
            "swim": {
                "avoidsWater": true
            }
        },
        "combat": {
            "willDefendSelf": true,
            "willDefendOwner": true,
            "willFlee": false
        },
        "resting": {
            "drowsyChance": 0.0333,
            "rouseChance": 0.0042
        }
    }
}