{
    "implemented": true,
    "nationalPokedexNumber": 795,
    "name": "Pheromosa",
    "primaryType": "bug",
    "secondaryType": "fighting",
    "maleRatio": -1,
    "height": 18,
    "weight": 250,
    "pokedex": [
        "cobblemon.species.pheromosa.desc"
    ],
    "labels": [
        "gen7",
        "ultra_beast"
    ],
    "aspects": [],
    "abilities": [
        "beastboost",
        "h:beastboost"
    ],
    "eggGroups": [
        "undiscovered"
    ],
    "baseStats": {
        "hp": 71,
        "attack": 137,
        "defence": 37,
        "special_attack": 137,
        "special_defence": 37,
        "speed": 151
    },
    "evYield": {
        "hp": 0,
        "attack": 0,
        "defence": 0,
        "special_attack": 0,
        "special_defence": 0,
        "speed": 3
    },
    "baseExperienceYield": 285,
    "experienceGroup": "slow",
    "catchRate": 45,
    "eggCycles": 120,
    "baseFriendship": 0,
    "baseScale": 1,
    "hitbox": {
        "width": 1,
        "height": 1,
        "fixed": false
    },
    "drops": {
        "amount": 3,
        "entries": [
            {
                "item": "minecraft:echo_shard",
                "quantityRange": "1-3"
            }
        ]
    },
    "moves": [
        "1:rapidspin",
        "1:feint",
        "1:jumpkick",
        "1:mefirst",
        "5:leer",
        "10:quickguard",
        "15:bugbite",
        "20:lowkick",
        "25:doublekick",
        "30:triplekick",
        "35:stomp",
        "40:agility",
        "45:lunge",
        "50:bounce",
        "55:speedswap",
        "60:bugbuzz",
        "65:quiverdance",
        "70:highjumpkick",
        "tm:agility",
        "tm:assurance",
        "tm:blizzard",
        "tm:block",
        "tm:bounce",
        "tm:brickbreak",
        "tm:bugbite",
        "tm:bugbuzz",
        "tm:closecombat",
        "tm:coaching",
        "tm:drillrun",
        "tm:echoedvoice",
        "tm:electroweb",
        "tm:endure",
        "tm:facade",
        "tm:falseswipe",
        "tm:fling",
        "tm:focusblast",
        "tm:foulplay",
        "tm:gigaimpact",
        "tm:hyperbeam",
        "tm:icebeam",
        "tm:icywind",
        "tm:laserfocus",
        "tm:lowkick",
        "tm:lowsweep",
        "tm:lunge",
        "tm:outrage",
        "tm:poisonjab",
        "tm:protect",
        "tm:rest",
        "tm:roost",
        "tm:shockwave",
        "tm:signalbeam",
        "tm:silverwind",
        "tm:skittersmack",
        "tm:sleeptalk",
        "tm:snatch",
        "tm:speedswap",
        "tm:substitute",
        "tm:swift",
        "tm:taunt",
        "tm:terablast",
        "tm:throatchop",
        "tm:torment",
        "tm:tripleaxel",
        "tm:uturn",
        "tutor:block",
        "tutor:bounce",
        "tutor:bugbite",
        "tutor:coaching",
        "tutor:drillrun",
        "tutor:electroweb",
        "tutor:falseswipe",
        "tutor:foulplay",
        "tutor:gigaimpact",
        "tutor:hyperbeam",
        "tutor:icebeam",
        "tutor:icywind",
        "tutor:laserfocus",
        "tutor:lowkick",
        "tutor:outrage",
        "tutor:poisonjab",
        "tutor:rest",
        "tutor:roost",
        "tutor:shockwave",
        "tutor:signalbeam",
        "tutor:skittersmack",
        "tutor:sleeptalk",
        "tutor:snatch",
        "tutor:swift",
        "tutor:throatchop",
        "tutor:tripleaxel",
        "legacy:confide",
        "legacy:doubleteam",
        "legacy:frustration",
        "legacy:hiddenpower",
        "legacy:return",
        "legacy:round",
        "legacy:snore",
        "legacy:swagger",
        "legacy:toxic"
    ],
    "evolutions": [],
    "behaviour": {
        "moving": {
            "swim": {
                "avoidsWater": true
            },
            "fly": {
                "canFly": true
            }
        },
        "combat": {
            "willDefendSelf": true,
            "willDefendOwner": true,
            "willFlee": false
        },
        "resting": {
            "times": [
                "any"
            ],
            "drowsyChance": 0.0014,
            "rouseChance": 0.0042
        }
    }
}