{
  "portraitScale": 1.12,
  "portraitTranslation": [-2.33, 2.39, 0],
  "profileScale": 0.21,
  "profileTranslation": [0.07, 1.49, -20],
  "animations": {

  },
  "poses": {
    "battle-standing": {
      "transformTicks": 10,
      "poseTypes": ["STAND", "WALK"],
      "isBattle": true,
      "animations": [
        "q.look('head')",
        "q.bedrock('kyurem', 'battle_idle')"
      ]
    },
    "standing": {
      "transformTicks": 10,
      "poseTypes": ["STAND", "NONE", "PORTRAIT", "PROFILE"],
      "isBattle": false,
      "animations": [
        "q.look('head')",
        "q.bedrock('kyurem', 'ground_idle')"
      ]
    },
    "walking": {
      "transformTicks": 8,
      "poseTypes": ["WALK"],
      "animations": [
        "q.look('head')",
        "q.bedrock('kyurem', 'ground_walk')"
      ]
    },
    "hover": {
      "transformTicks": 5,
      "poseTypes": [ "FLY", "HOVER", "FLOAT" ],
      "animations": [
        "q.look('head')",
        "q.bedrock('kyurem', 'ground_walk')"
       ]
    },
    "float": {
      "transformTicks": 5,
      "poseTypes": ["FLOAT"],
      "animations": [
        "q.look('head')",
        "q.bedrock('kyurem', 'ground_walk')"
      ]
    },
    "swim": {
      "transformTicks": 8,
      "poseTypes": ["SWIM"],
      "animations": [
        "q.look('head')",
        "q.bedrock('kyurem', 'ground_walk')"
      ]
    }
  }
}