{
  "type": "minecraft:chest",
  "pools": [
    {
      "bonus_rolls": 0,
      "entries": [
        {
          "type": "minecraft:item",
          "functions": [
            {
              "add": false,
              "count": {
                "type": "minecraft:uniform",
                "max": 7,
                "min": 2
              },
              "function": "minecraft:set_count"
            }
          ],
          "name": "minecraft:diamond",
          "weight": 5
        },
        {
          "type": "minecraft:item",
          "functions": [
            {
              "add": false,
              "count": {
                "type": "minecraft:uniform",
                "max": 8,
                "min": 4
              },
              "function": "minecraft:set_count"
            }
          ],
          "name": "minecraft:iron_ingot",
          "weight": 10
        },
        {
          "type": "minecraft:item",
          "functions": [
            {
              "add": false,
              "count": {
                "type": "minecraft:uniform",
                "max": 7,
                "min": 2
              },
              "function": "minecraft:set_count"
            }
          ],
          "name": "minecraft:gold_ingot",
          "weight": 15
        },
        {
          "type": "minecraft:item",
          "functions": [
            {
              "add": false,
              "count": {
                "type": "minecraft:uniform",
                "max": 6,
                "min": 2
              },
              "function": "minecraft:set_count"
            }
          ],
          "name": "minecraft:emerald",
          "weight": 2
        },
        {
          "type": "minecraft:item",
          "functions": [
            {
              "add": false,
              "count": {
                "type": "minecraft:uniform",
                "max": 2,
                "min": 6
              },
              "function": "minecraft:set_count"
            }
          ],
          "name": "mega_showdown:zygarde_cell",
          "weight": 4
        },
        {
          "type": "minecraft:item",
          "functions": [
            {
              "add": false,
              "count": {
                "type": "minecraft:uniform",
                "max": 10,
                "min": 1
              },
              "function": "minecraft:set_count"
            }
          ],
          "name": "minecraft:beetroot_seeds",
          "weight": 5
        },
        {
          "type": "minecraft:item",
          "name": "minecraft:saddle",
          "weight": 3
        },
        {
          "type": "minecraft:item",
          "name": "mega_showdown:griseous_core",
          "weight": 1
        },
                {
          "type": "minecraft:item",
          "name": "mega_showdown:star_core",
          "weight": 1
        },
        {
          "type": "minecraft:item",
          "name": "mega_showdown:lustrous_globe",
          "weight": 1
        },
        {
          "type": "minecraft:item",
          "name": "mega_showdown:deoxys_meteorite",
          "weight": 3
        },
        {
          "type": "minecraft:item",
          "name": "mega_showdown:adamant_crystal",
          "weight": 1
        },
        {
          "type": "minecraft:item",
          "name": "minecraft:iron_horse_armor"
        },
        {
          "type": "minecraft:item",
          "name": "minecraft:golden_horse_armor"
        },
        {
          "type": "minecraft:item",
          "name": "minecraft:diamond_horse_armor"
        },
        {
          "type": "minecraft:item",
          "functions": [
            {
              "function": "minecraft:enchant_with_levels",
              "levels": {
                "type": "minecraft:uniform",
                "max": 39,
                "min": 20
              },
              "options": "#minecraft:on_random_loot"
            }
          ],
          "name": "minecraft:diamond_sword",
          "weight": 3
        },
        {
          "type": "minecraft:item",
          "functions": [
            {
              "function": "minecraft:enchant_with_levels",
              "levels": {
                "type": "minecraft:uniform",
                "max": 39,
                "min": 20
              },
              "options": "#minecraft:on_random_loot"
            }
          ],
          "name": "minecraft:diamond_boots",
          "weight": 3
        },
        {
          "type": "minecraft:item",
          "functions": [
            {
              "function": "minecraft:enchant_with_levels",
              "levels": {
                "type": "minecraft:uniform",
                "max": 39,
                "min": 20
              },
              "options": "#minecraft:on_random_loot"
            }
          ],
          "name": "minecraft:diamond_chestplate",
          "weight": 3
        },
        {
          "type": "minecraft:item",
          "functions": [
            {
              "function": "minecraft:enchant_with_levels",
              "levels": {
                "type": "minecraft:uniform",
                "max": 39,
                "min": 20
              },
              "options": "#minecraft:on_random_loot"
            }
          ],
          "name": "minecraft:diamond_leggings",
          "weight": 3
        },
        {
          "type": "minecraft:item",
          "functions": [
            {
              "function": "minecraft:enchant_with_levels",
              "levels": {
                "type": "minecraft:uniform",
                "max": 39,
                "min": 20
              },
              "options": "#minecraft:on_random_loot"
            }
          ],
          "name": "minecraft:diamond_helmet",
          "weight": 3
        },
        {
          "type": "minecraft:item",
          "functions": [
            {
              "function": "minecraft:enchant_with_levels",
              "levels": {
                "type": "minecraft:uniform",
                "max": 39,
                "min": 20
              },
              "options": "#minecraft:on_random_loot"
            }
          ],
          "name": "minecraft:diamond_pickaxe",
          "weight": 3
        },
        {
          "type": "minecraft:item",
          "functions": [
            {
              "function": "minecraft:enchant_with_levels",
              "levels": {
                "type": "minecraft:uniform",
                "max": 39,
                "min": 20
              },
              "options": "#minecraft:on_random_loot"
            }
          ],
          "name": "minecraft:diamond_shovel",
          "weight": 3
        },
        {
          "type": "minecraft:item",
          "functions": [
            {
              "function": "minecraft:enchant_with_levels",
              "levels": {
                "type": "minecraft:uniform",
                "max": 39,
                "min": 20
              },
              "options": "#minecraft:on_random_loot"
            }
          ],
          "name": "minecraft:iron_sword",
          "weight": 3
        },
        {
          "type": "minecraft:item",
          "functions": [
            {
              "function": "minecraft:enchant_with_levels",
              "levels": {
                "type": "minecraft:uniform",
                "max": 39,
                "min": 20
              },
              "options": "#minecraft:on_random_loot"
            }
          ],
          "name": "minecraft:iron_boots",
          "weight": 3
        },
        {
          "type": "minecraft:item",
          "functions": [
            {
              "function": "minecraft:enchant_with_levels",
              "levels": {
                "type": "minecraft:uniform",
                "max": 39,
                "min": 20
              },
              "options": "#minecraft:on_random_loot"
            }
          ],
          "name": "minecraft:iron_chestplate",
          "weight": 3
        },
        {
          "type": "minecraft:item",
          "functions": [
            {
              "function": "minecraft:enchant_with_levels",
              "levels": {
                "type": "minecraft:uniform",
                "max": 39,
                "min": 20
              },
              "options": "#minecraft:on_random_loot"
            }
          ],
          "name": "minecraft:iron_leggings",
          "weight": 3
        },
        {
          "type": "minecraft:item",
          "functions": [
            {
              "function": "minecraft:enchant_with_levels",
              "levels": {
                "type": "minecraft:uniform",
                "max": 39,
                "min": 20
              },
              "options": "#minecraft:on_random_loot"
            }
          ],
          "name": "minecraft:iron_helmet",
          "weight": 3
        },
        {
          "type": "minecraft:item",
          "functions": [
            {
              "function": "minecraft:enchant_with_levels",
              "levels": {
                "type": "minecraft:uniform",
                "max": 39,
                "min": 20
              },
              "options": "#minecraft:on_random_loot"
            }
          ],
          "name": "minecraft:iron_pickaxe",
          "weight": 3
        },
        {
          "type": "minecraft:item",
          "functions": [
            {
              "function": "minecraft:enchant_with_levels",
              "levels": {
                "type": "minecraft:uniform",
                "max": 39,
                "min": 20
              },
              "options": "#minecraft:on_random_loot"
            }
          ],
          "name": "minecraft:iron_shovel",
          "weight": 3
        }
      ],
      "rolls": {
        "type": "minecraft:uniform",
        "max": 6,
        "min": 2
      }
    },
    {
      "bonus_rolls": 0,
      "entries": [
        {
          "type": "minecraft:empty",
          "weight": 14
        },
        {
          "type": "minecraft:item",
          "name": "minecraft:spire_armor_trim_smithing_template"
        }
      ],
      "rolls": 1
    }
  ],
  "random_sequence": "minecraft:chests/end_city_treasure"
}
