{
  "type": "minecraft:crafting_shaped",
  "key": {
    "#": {
      "item": "minecraft:command_block"
    },
    "l": {
      "item": "cobblemon:ancient_origin_ball"
    },
    "e": {
      "item": "mega_showdown:mega_stone"
    }
  },
  "pattern": [" # ", "lel", " # "],
  "result": {
    "id": "minecraft:slime_ball",
    "components": {
      "mega_showdown:registry_type_component": "mega",
      "mega_showdown:registry_location_component": "mega_showdown:ashgreninjitez",
      "minecraft:custom_model_data": 260652,
      "minecraft:item_name": "{\"extra\":[{\"color\":\"light_purple\",\"italic\":false,\"text\": \"Ash Greninjite Z\"}], \"italic\":false,\"text\":\"\"}",
      "minecraft:lore": [
        "{\"text\":\"Form Changes\", \"color\":\"blue\", \"italic\":false}",
        "{\"color\":\"gray\",\"text\":\"Z-Crystal and Mega Stone associated with Greninja and allows\"}",
        "{\"color\":\"gray\",\"text\":\"it to upgrade Water Shuriken into the special Z-Move Hydro\"}",
        "{\"color\":\"gray\",\"text\":\"Shinobi Barrage and allow Ash Greninja to Mega Evolve\"}"
      ]
    }
  }
}
