{
    "species":
    "cobblemon:drifblim",
    "order":1,
    "variations":[
        {
            "aspects": ["mega"],
            "poser":"cobblemon:drifblim_mega",
            "model":"cobblemon:drifblim_mega.geo",
            "texture":"cobblemon:textures/pokemon/drifblim_mega/drifblim_mega.png",
            "layers":[
                {
                    "name": "gas",
                    "texture": {
                        "frames": [
                            "cobblemon:textures/pokemon/drifblim_mega/drifblim_mega_gas1.png",
                            "cobblemon:textures/pokemon/drifblim_mega/drifblim_mega_gas2.png",
                            "cobblemon:textures/pokemon/drifblim_mega/drifblim_mega_gas3.png",
                            "cobblemon:textures/pokemon/drifblim_mega/drifblim_mega_gas4.png"
                        ],
                        "fps": 2,
                        "loop": true
                    },
                    "emissive": true,
                    "translucent": false
                }
            ]
        },
        {
            "aspects": ["mega","shiny"],
            "texture":"cobblemon:textures/pokemon/drifblim_mega/drifblim_mega_shiny.png",
            "layers":[
                {
                    "name": "gas",
                    "texture": {
                        "frames": [
                            "cobblemon:textures/pokemon/drifblim_mega/drifblim_mega_shiny_gas1.png",
                            "cobblemon:textures/pokemon/drifblim_mega/drifblim_mega_shiny_gas2.png",
                            "cobblemon:textures/pokemon/drifblim_mega/drifblim_mega_shiny_gas3.png",
                            "cobblemon:textures/pokemon/drifblim_mega/drifblim_mega_shiny_gas4.png"
                        ],
                        "fps": 2,
                        "loop": true
                    },
                    "emissive": true,
                    "translucent": false
                }
            ]
        }
    ]
}