{
    "portraitScale":1.4,
    "portraitTranslation":[-0.93,2.1,0],
    "profileScale":0.32,
    "profileTranslation":[0.07,1.21,-6.0],
    "rootBone":"flygon_mega",
    "firstPersonCameraOffset":{"seat_1":[0,0.45,0]},
    "thirdPersonCameraOffset":{"seat_1":[0,1,1],
    "seat_1_reverse":[0,1,0.5]},
    "thirdPersonCameraOffsetNoViewBobbing":{"seat_1":[0,1,1],
    "seat_1_reverse":[0,1,0.5]},
    "animations":{"cry":"q.bedrock_stateful('flygon_mega', 'cry')"},
    "poses":
    {
        "standing":
        {
            "poseTypes":
        [
            "STAND",
            "FLOAT",
            "NONE",
            "PORTRAIT",
            "PROFILE"
            ],
            "animations":
            [
                "q.look('head_ai')",
                "q.bedrock('flygon_mega', 'ground_idle')"
            ],
            "quirks":
            [
                "q.bedrock_quirk('flygon_mega', 'blink')"
            ]
        },
        
        "walking":
        {
            "poseTypes":
            [
                "WALK",
                "SWIM"
            ],
            "condition":
            "q.has_entity ? !q.is_sprinting : 1.0",
            "animations":
            [
                "q.look('head_ai')",
                "q.bedrock('flygon_mega', 'ground_walk')",
                {
                    "condition":"q.is_ridden",
                    "animation":"q.bedrock('flygon_mega', 'ride_ground_walk')"
                }
            ],
            "quirks":
            [
                "q.bedrock_quirk('flygon_mega', 'blink')"
            ]
        },
        "running":
        {
            "poseTypes":
            [
                "WALK",
                "SWIM"
            ],
            "condition":
            "q.has_entity ? q.is_sprinting : 0.0",
            "animations":
            [
                "q.look('head_ai')",
                "q.bedrock('flygon_mega', 'ground_run')",
                {
                    "condition":"q.is_ridden",
                    "animation":"q.bedrock('flygon_mega', 'ride_ground_run')"
                }
            ],
            "quirks":
            [
                "q.bedrock_quirk('flygon_mega', 'blink')"
            ]
        },
        "hover":
        {
            "poseTypes":
            [
                "HOVER"
            ],
            "animations":
            [
                "q.look('head_ai')",
                "q.bedrock('flygon_mega', 'air_idle')"
            ],
        "quirks":
            [
            "q.bedrock_quirk('flygon_mega', 'blink')"
            ]
        },
        "fly":
        {
            "poseTypes":
            [
                "FLY"
            ],
            "condition":
            "!q.is_gliding",
            "animations":
            [
                "q.look('head_ai')",
                "q.bedrock('flygon_mega', 'air_fly')",
                {
                    "condition":
                    "q.is_ridden",
                    "animation":
                    "q.bedrock('flygon_mega', 'ride_air_fly')"
                }
            ],
            "quirks":
            [
                "q.bedrock_quirk('flygon_mega', 'blink')"
            ]
        },
        "glide":
        {
            "poseTypes":
            [
                "FLY"
            ],
            "condition":
            "q.is_gliding",
            "animations":
            [
                "q.look('head_ai')",
                "q.bedrock('flygon_mega', 'air_glide')",
                "q.bedrock('flygon_mega', 'ride_dive')",
                {
                    "condition":
                    "q.is_ridden",
                    "animation":"q.bedrock('flygon_mega', 'ride_air_fly')"
                }
            ],
            "quirks":
            [
                "q.bedrock_quirk('flygon_mega', 'blink')"
            ]
        },
        "sleep":
        {
            "poseTypes":
            [
                "SLEEP"
            ],
            "namedAnimations":
            {
                "cry":"q.bedrock_stateful('dummy', 'cry')"
            },
            "animations":
            [
                "q.bedrock('flygon_mega', 'sleep')"
            ]
        }
    }
}