{
    "implemented": true,
    "nationalPokedexNumber": 459,
    "name": "Snover",
    "primaryType": "grass",
    "secondaryType": "ice",
    "maleRatio": 0.5,
    "height": 10,
    "weight": 505,
    "pokedex": [
        "cobblemon.species.snover.desc"
    ],
    "labels": [
        "gen4"
    ],
    "aspects": [],
    "abilities": [
        "snowwarning",
        "h:soundproof"
    ],
    "eggGroups": [
        "monster",
        "grass"
    ],
    "baseStats": {
        "hp": 60,
        "attack": 62,
        "defence": 50,
        "special_attack": 62,
        "special_defence": 60,
        "speed": 40
    },
    "evYield": {
        "hp": 0,
        "attack": 1,
        "defence": 0,
        "special_attack": 0,
        "special_defence": 0,
        "speed": 0
    },
    "baseExperienceYield": 67,
    "experienceGroup": "slow",
    "catchRate": 120,
    "eggCycles": 20,
    "baseFriendship": 50,
    "baseScale": 1,
    "hitbox": {
        "width": 1,
        "height": 1,
        "fixed": false
    },
    "drops": {
        "amount": 6,
        "entries": [
            {
                "item": "minecraft:snowball",
                "quantityRange": "0-1"
            },
            {
                "item": "minecraft:sweet_berries",
                "quantityRange": "1-3"
            },
            {
                "item": "cobblemon:never_melt_ice",
                "percentage": 2.5
            },
            {
                "item": "cobblemon:occa_berry",
                "percentage": 2.5
            }
        ]
    },
    "moves": [
        "1:powdersnow",
        "1:leer",
        "1:grasswhistle",
        "5:leafage",
        "10:mist",
        "15:iceshard",
        "20:razorleaf",
        "25:icywind",
        "30:swagger",
        "35:ingrain",
        "41:woodhammer",
        "45:blizzard",
        "50:sheercold",
        "egg:doubleedge",
        "egg:growth",
        "egg:leechseed",
        "egg:naturalgift",
        "egg:skullbash",
        "egg:stomp",
        "egg:weatherball",
        "tm:avalanche",
        "tm:blizzard",
        "tm:bodyslam",
        "tm:bulletseed",
        "tm:chillingwater",
        "tm:curse",
        "tm:doubleedge",
        "tm:endure",
        "tm:energyball",
        "tm:facade",
        "tm:flash",
        "tm:frostbreath",
        "tm:gigadrain",
        "tm:grassknot",
        "tm:grassyglide",
        "tm:hail",
        "tm:headbutt",
        "tm:helpinghand",
        "tm:icebeam",
        "tm:icepunch",
        "tm:icespinner",
        "tm:iciclespear",
        "tm:icywind",
        "tm:irontail",
        "tm:leafstorm",
        "tm:magicalleaf",
        "tm:megapunch",
        "tm:mudslap",
        "tm:naturalgift",
        "tm:protect",
        "tm:raindance",
        "tm:rest",
        "tm:roleplay",
        "tm:safeguard",
        "tm:seedbomb",
        "tm:sleeptalk",
        "tm:snowscape",
        "tm:solarbeam",
        "tm:substitute",
        "tm:swagger",
        "tm:swordsdance",
        "tm:synthesis",
        "tm:takedown",
        "tm:terablast",
        "tm:trailblaze",
        "tm:waterpulse",
        "tm:weatherball",
        "tm:worryseed",
        "tutor:energyball",
        "tutor:gigadrain",
        "tutor:grassyglide",
        "tutor:helpinghand",
        "tutor:icebeam",
        "tutor:icepunch",
        "tutor:icywind",
        "tutor:irontail",
        "tutor:magicalleaf",
        "tutor:mudslap",
        "tutor:rest",
        "tutor:roleplay",
        "tutor:seedbomb",
        "tutor:sleeptalk",
        "tutor:synthesis",
        "tutor:waterpulse",
        "tutor:worryseed",
        "legacy:attract",
        "legacy:captivate",
        "legacy:confide",
        "legacy:doubleteam",
        "legacy:frustration",
        "legacy:hiddenpower",
        "legacy:lightscreen",
        "legacy:return",
        "legacy:round",
        "legacy:secretpower",
        "legacy:shadowball",
        "legacy:snore",
        "legacy:toxic"
    ],
    "evolutions": [
        {
            "id": "snover_abomasnow",
            "variant": "level_up",
            "result": "abomasnow",
            "consumeHeldItem": false,
            "learnableMoves": [
                "icepunch"
            ],
            "requirements": [
                {
                    "variant": "level",
                    "minLevel": 40
                }
            ]
        }
    ],
    "behaviour": {
        "herd": {
            "maxSize": "4",
            "toleratedLeaders": [
                {
                    "pokemon": "snover",
                    "tier": 1
                },
                {
                    "pokemon": "abomasnow mega=false",
                    "tier": 2
                },
                {
                    "pokemon": "abomasnow mega",
                    "tier": 3
                }
            ]
        },
        "moving": {
            "swim": {
                "avoidsWater": true
            }
        },
        "combat": {
            "willDefendOwner": true
        },
        "resting": {
            "drowsyChance": 0.0333,
            "rouseChance": 0.0042
        }
    }
}