{
    "implemented": true,
    "nationalPokedexNumber": 335,
    "name": "Zangoose",
    "primaryType": "normal",
    "maleRatio": 0.5,
    "height": 13,
    "weight": 403,
    "pokedex": [
        "cobblemon.species.zangoose.desc"
    ],
    "labels": [
        "gen3"
    ],
    "aspects": [],
    "abilities": [
        "immunity",
        "h:toxicboost"
    ],
    "eggGroups": [
        "field"
    ],
    "baseStats": {
        "hp": 73,
        "attack": 115,
        "defence": 60,
        "special_attack": 60,
        "special_defence": 60,
        "speed": 90
    },
    "evYield": {
        "hp": 0,
        "attack": 2,
        "defence": 0,
        "special_attack": 0,
        "special_defence": 0,
        "speed": 0
    },
    "baseExperienceYield": 160,
    "experienceGroup": "erratic",
    "catchRate": 90,
    "eggCycles": 20,
    "baseFriendship": 50,
    "baseScale": 1,
    "hitbox": {
        "width": 1,
        "height": 1,
        "fixed": false
    },
    "behaviour": {
        "entityInteract": {
            "avoidedByCreeper": true,
            "avoidedByPhantom": true
        },
        "combat": {
            "fightsMelee": true,
            "willDefendSelf": true,
            "willDefendOwner": true,
            "willFlee": false
        },
        "moving": {
            "swim": {
                "avoidsWater": true
            }
        },
        "resting": {
            "drowsyChance": 0.0333,
            "rouseChance": 0.0042
        }
    },
    "ai": [
        {
            "type": "cobblemon:add_tasks_to_activity",
            "activity": "idle",
            "tasksByPriority": {
                "7": [
                    {
                        "type": "cobblemon:hate_entity",
                        "entityCondition": "q.entity.is_pokemon && q.entity.species.identifier == 'cobblemon:seviper'"
                    }
                ]
            }
        }
    ],
    "drops": {
        "amount": 3,
        "entries": [
            {
                "item": "cobblemon:razor_claw",
                "percentage": 5.0
            },
            {
                "item": "cobblemon:quick_claw",
                "percentage": 5.0
            },
            {
                "item": "cobblemon:pecha_berry",
                "percentage": 5.0
            }
        ]
    },
    "moves": [
        "1:scratch",
        "1:leer",
        "1:pursuit",
        "1:embargo",
        "1:curse",
        "1:revenge",
        "5:quickattack",
        "8:furycutter",
        "12:metalclaw",
        "15:honeclaws",
        "19:slash",
        "22:powertrip",
        "26:crushclaw",
        "29:falseswipe",
        "33:switcheroo",
        "36:detect",
        "40:xscissor",
        "43:taunt",
        "47:swordsdance",
        "50:closecombat",
        "egg:bellydrum",
        "egg:counter",
        "egg:disable",
        "egg:doublehit",
        "egg:doublekick",
        "egg:feint",
        "egg:finalgambit",
        "egg:flail",
        "egg:furyswipes",
        "egg:nightslash",
        "egg:quickguard",
        "egg:razorwind",
        "tm:aerialace",
        "tm:agility",
        "tm:aurasphere",
        "tm:batonpass",
        "tm:blizzard",
        "tm:bodyslam",
        "tm:brickbreak",
        "tm:closecombat",
        "tm:curse",
        "tm:dig",
        "tm:doubleedge",
        "tm:embargo",
        "tm:endeavor",
        "tm:endure",
        "tm:facade",
        "tm:falseswipe",
        "tm:fireblast",
        "tm:firepunch",
        "tm:flamethrower",
        "tm:fling",
        "tm:focusblast",
        "tm:focuspunch",
        "tm:furycutter",
        "tm:gigaimpact",
        "tm:grassknot",
        "tm:gunkshot",
        "tm:headbutt",
        "tm:helpinghand",
        "tm:honeclaws",
        "tm:hyperbeam",
        "tm:icebeam",
        "tm:icepunch",
        "tm:icywind",
        "tm:incinerate",
        "tm:irontail",
        "tm:knockoff",
        "tm:lastresort",
        "tm:lowkick",
        "tm:lowsweep",
        "tm:megakick",
        "tm:megapunch",
        "tm:metalclaw",
        "tm:payback",
        "tm:poisonjab",
        "tm:poweruppunch",
        "tm:protect",
        "tm:raindance",
        "tm:rest",
        "tm:retaliate",
        "tm:revenge",
        "tm:reversal",
        "tm:roar",
        "tm:rockclimb",
        "tm:rockslide",
        "tm:rocksmash",
        "tm:rocktomb",
        "tm:rollout",
        "tm:seedbomb",
        "tm:shadowball",
        "tm:shadowclaw",
        "tm:shockwave",
        "tm:sleeptalk",
        "tm:solarbeam",
        "tm:strength",
        "tm:substitute",
        "tm:sunnyday",
        "tm:surf",
        "tm:swift",
        "tm:swordsdance",
        "tm:takedown",
        "tm:taunt",
        "tm:terablast",
        "tm:thief",
        "tm:throatchop",
        "tm:thunder",
        "tm:thunderbolt",
        "tm:thunderpunch",
        "tm:thunderwave",
        "tm:upperhand",
        "tm:workup",
        "tm:xscissor",
        "tm:zenheadbutt",
        "tutor:aerialace",
        "tutor:endeavor",
        "tutor:falseswipe",
        "tutor:firepunch",
        "tutor:flamethrower",
        "tutor:focuspunch",
        "tutor:furycutter",
        "tutor:gigaimpact",
        "tutor:gunkshot",
        "tutor:helpinghand",
        "tutor:hyperbeam",
        "tutor:icebeam",
        "tutor:icepunch",
        "tutor:icywind",
        "tutor:irontail",
        "tutor:knockoff",
        "tutor:lastresort",
        "tutor:lowkick",
        "tutor:poisonjab",
        "tutor:rest",
        "tutor:rockslide",
        "tutor:rocksmash",
        "tutor:rollout",
        "tutor:seedbomb",
        "tutor:shadowball",
        "tutor:shadowclaw",
        "tutor:shockwave",
        "tutor:sleeptalk",
        "tutor:swift",
        "tutor:throatchop",
        "tutor:thunderbolt",
        "tutor:thunderpunch",
        "tutor:xscissor",
        "tutor:zenheadbutt",
        "legacy:attract",
        "legacy:captivate",
        "legacy:confide",
        "legacy:defensecurl",
        "legacy:doubleteam",
        "legacy:dynamicpunch",
        "legacy:frustration",
        "legacy:gigadrain",
        "legacy:hiddenpower",
        "legacy:mimic",
        "legacy:mudslap",
        "legacy:naturalgift",
        "legacy:return",
        "legacy:round",
        "legacy:secretpower",
        "legacy:seismictoss",
        "legacy:snore",
        "legacy:swagger",
        "legacy:toxic",
        "legacy:waterpulse",
        "special:refresh"
    ],
    "evolutions": []
}