{
  "implemented": true,
  "nationalPokedexNumber": 330,
  "name": "Flygon",
  "primaryType": "ground",
  "secondaryType": "dragon",
  "maleRatio": 0.5,
  "height": 20,
  "weight": 820,
  "pokedex": [
    "cobblemon.species.flygon.desc"
  ],
  "labels": [
    "gen3"
  ],
  "features": ["mega_evolution"],
  "aspects": [],
  "abilities": [
    "levitate",
    "h:levitate"
  ],
  "eggGroups": [
    "bug",
    "dragon"
  ],
  "baseStats": {
    "hp": 80,
    "attack": 100,
    "defence": 80,
    "special_attack": 80,
    "special_defence": 80,
    "speed": 100
  },
  "evYield": {
    "hp": 0,
    "attack": 1,
    "defence": 0,
    "special_attack": 0,
    "special_defence": 0,
    "speed": 2
  },
  "baseExperienceYield": 260,
  "experienceGroup": "medium_slow",
  "catchRate": 45,
  "eggCycles": 20,
  "baseFriendship": 50,
  "baseScale": 0.9,
  "hitbox": {
    "height": 3.2,
    "fixed": false,
    "width": 1.85
  },
  "riding": {
    "behaviours": {
      "AIR": {
        "key": "cobblemon:air/bird",
        "rideSounds": [
          {
            "muffleEnabled": true,
            "pitchExpr": "math.max(1.0 ,0.2 + math.pow(math.min(q.ride_velocity() / 1.5, 1.0),2))",
            "playForNonPassengers": true,
            "soundLocation": "cobblemon:ride.loop.wind",
            "volumeExpr": "math.pow(math.min(q.ride_velocity() / 1.5, 1.0),2)"
          }
        ],
        "stats": {
          "ACCELERATION": "40-75",
          "JUMP": "45-60",
          "SKILL": "40-85",
          "SPEED": "50-80",
          "STAMINA": "35-55"
        }
      },
      "LAND": {
        "key": "cobblemon:land/horse",
        "rideSounds": [],
        "stats": {
          "ACCELERATION": "60-75",
          "JUMP": "15-30",
          "SKILL": "15-25",
          "SPEED": "15-25",
          "STAMINA": "25-40"
        }
      }
    },
    "seats": [
      {
        "offset": {
          "x": 0.0,
          "y": 0.0,
          "z": 0.0
        },
        "poseOffsets": [
          {
            "offset": {
              "x": 0.003290192,
              "y": -1.3213174,
              "z": 0.215731
            },
            "poseTypes": [
              "STAND"
            ]
          },
          {
            "offset": {
              "x": 0.04098769,
              "y": -1.3037425,
              "z": 0.18836051
            },
            "poseTypes": [
              "WALK"
            ]
          },
          {
            "offset": {
              "x": -0.0043290886,
              "y": -1.275032,
              "z": 0.22027032
            },
            "poseTypes": [
              "HOVER"
            ]
          },
          {
            "offset": {
              "x": 0.0026096958,
              "y": -1.3030001,
              "z": 0.2927451
            },
            "poseTypes": [
              "FLY"
            ]
          },
          {
            "offset": {
              "x": 0.003290192,
              "y": -1.3213174,
              "z": 0.215731
            },
            "poseTypes": [
              "FLOAT"
            ]
          },
          {
            "offset": {
              "x": 0.04098769,
              "y": -1.3037425,
              "z": 0.18836051
            },
            "poseTypes": [
              "SWIM"
            ]
          },
          {
            "offset": {
              "x": 0.003290192,
              "y": -1.3213174,
              "z": 0.215731
            },
            "poseTypes": [
              "GLIDE"
            ]
          }
        ]
      }
    ]
  },
  "behaviour": {
    "herd": {
      "maxSize": "9"
    },
    "moving": {
      "fly": {
        "canFly": true
      },
      "walk": {
        "walkSpeed": 0.24
      },
      "swim": {
        "avoidsWater": true
      }
    },
    "resting": {
      "canSleep": true,
      "light": "0-4",
      "drowsyChance": 0.0333,
      "rouseChance": 0.0042
    },
    "combat": {
      "willDefendSelf": true,
      "willDefendOwner": true,
      "willFlee": false
    }
  },
  "drops": {
    "amount": 2,
    "entries": [
      {
        "item": "cobblemon:soft_sand",
        "percentage": 10.0
      },
      {
        "item": "cobblemon:yache_berry",
        "percentage": 10.0
      }
    ]
  },
  "moves": [
    "1:sonicboom",
    "1:sandattack",
    "1:feintattack",
    "1:supersonic",
    "1:dragonbreath",
    "1:dragonclaw",
    "1:hyperbeam",
    "1:dig",
    "1:rockslide",
    "1:outrage",
    "1:bide",
    "1:bulldoze",
    "1:superpower",
    "1:dragondance",
    "1:laserfocus",
    "1:feint",
    "1:crunch",
    "1:fissure",
    "1:astonish",
    "1:bite",
    "12:mudslap",
    "16:sandtomb",
    "20:dragontail",
    "24:screech",
    "28:bugbuzz",
    "32:sandstorm",
    "38:earthpower",
    "44:earthquake",
    "52:uproar",
    "60:dragonrush",
    "68:boomburst",
    "egg:bugbite",
    "egg:feint",
    "egg:firstimpression",
    "egg:flail",
    "egg:furycutter",
    "egg:gust",
    "egg:quickattack",
    "tm:aerialace",
    "tm:agility",
    "tm:aircutter",
    "tm:airslash",
    "tm:alluringvoice",
    "tm:bodyslam",
    "tm:breakingswipe",
    "tm:brutalswing",
    "tm:bugbite",
    "tm:bugbuzz",
    "tm:bulldoze",
    "tm:crunch",
    "tm:defog",
    "tm:dig",
    "tm:doubleedge",
    "tm:dracometeor",
    "tm:dragoncheer",
    "tm:dragonclaw",
    "tm:dragondance",
    "tm:dragonpulse",
    "tm:dragontail",
    "tm:dualwingbeat",
    "tm:earthpower",
    "tm:earthquake",
    "tm:endure",
    "tm:facade",
    "tm:fireblast",
    "tm:firepunch",
    "tm:firespin",
    "tm:flamethrower",
    "tm:fly",
    "tm:focusenergy",
    "tm:furycutter",
    "tm:gigadrain",
    "tm:gigaimpact",
    "tm:headbutt",
    "tm:heatwave",
    "tm:helpinghand",
    "tm:honeclaws",
    "tm:hyperbeam",
    "tm:incinerate",
    "tm:irontail",
    "tm:laserfocus",
    "tm:megakick",
    "tm:megapunch",
    "tm:mudshot",
    "tm:mudslap",
    "tm:ominouswind",
    "tm:outrage",
    "tm:poweruppunch",
    "tm:protect",
    "tm:psychicnoise",
    "tm:rest",
    "tm:rockslide",
    "tm:rocksmash",
    "tm:rocktomb",
    "tm:roost",
    "tm:sandstorm",
    "tm:sandtomb",
    "tm:scaleshot",
    "tm:scorchingsands",
    "tm:screech",
    "tm:signalbeam",
    "tm:silverwind",
    "tm:sleeptalk",
    "tm:solarbeam",
    "tm:stealthrock",
    "tm:steelwing",
    "tm:stoneedge",
    "tm:strength",
    "tm:strugglebug",
    "tm:substitute",
    "tm:sunnyday",
    "tm:superpower",
    "tm:swift",
    "tm:tailwind",
    "tm:takedown",
    "tm:terablast",
    "tm:throatchop",
    "tm:thunderpunch",
    "tm:twister",
    "tm:uproar",
    "tm:uturn",
    "tm:vacuumwave",
    "tutor:aerialace",
    "tutor:aircutter",
    "tutor:bugbite",
    "tutor:bulldoze",
    "tutor:defog",
    "tutor:dracometeor",
    "tutor:dragonpulse",
    "tutor:dualwingbeat",
    "tutor:earthpower",
    "tutor:firepunch",
    "tutor:flamethrower",
    "tutor:focusenergy",
    "tutor:furycutter",
    "tutor:gigadrain",
    "tutor:gigaimpact",
    "tutor:heatwave",
    "tutor:helpinghand",
    "tutor:hyperbeam",
    "tutor:irontail",
    "tutor:laserfocus",
    "tutor:mudslap",
    "tutor:ominouswind",
    "tutor:outrage",
    "tutor:rest",
    "tutor:rockslide",
    "tutor:rocksmash",
    "tutor:roost",
    "tutor:scaleshot",
    "tutor:scorchingsands",
    "tutor:signalbeam",
    "tutor:sleeptalk",
    "tutor:stealthrock",
    "tutor:stoneedge",
    "tutor:superpower",
    "tutor:swift",
    "tutor:tailwind",
    "tutor:throatchop",
    "tutor:thunderpunch",
    "tutor:twister",
    "tutor:uproar",
    "tutor:vacuumwave",
    "legacy:attract",
    "legacy:captivate",
    "legacy:confide",
    "legacy:doubleteam",
    "legacy:frustration",
    "legacy:hiddenpower",
    "legacy:mimic",
    "legacy:naturalgift",
    "legacy:return",
    "legacy:round",
    "legacy:secretpower",
    "legacy:snore",
    "legacy:swagger",
    "legacy:toxic"
  ],
  "preEvolution": "vibrava",
  "evolutions": [],
  "forms": [
    {
      "name": "Mega",
      "primaryType": "bug",
      "secondaryType": "dragon",
      "pokedex": ["cobblemon.species.flygon-mega.desc"],
      "labels": ["gen3", "mega"],
      "aspects": ["mega"],
      "abilities": ["tintedlens", "h:tintedlens"],
      "baseStats": {
        "hp": 85,
        "attack": 140,
        "defence": 90,
        "special_attack": 80,
        "special_defence": 90,
        "speed": 140
      },
      "evolutions": [],
      "battleOnly": false
    }
  ]
}