{
    "implemented": true,
    "nationalPokedexNumber": 840,
    "name": "Applin",
    "primaryType": "grass",
    "secondaryType": "dragon",
    "maleRatio": 0.5,
    "height": 2,
    "weight": 5,
    "pokedex": [
        "cobblemon.species.applin.desc"
    ],
    "labels": [
        "gen8"
    ],
    "aspects": [],
    "abilities": [
        "ripen",
        "gluttony",
        "h:bulletproof"
    ],
    "eggGroups": [
        "grass",
        "dragon"
    ],
    "baseStats": {
        "hp": 40,
        "attack": 40,
        "defence": 80,
        "special_attack": 40,
        "special_defence": 40,
        "speed": 20
    },
    "evYield": {
        "hp": 0,
        "attack": 0,
        "defence": 1,
        "special_attack": 0,
        "special_defence": 0,
        "speed": 0
    },
    "baseExperienceYield": 52,
    "experienceGroup": "erratic",
    "catchRate": 255,
    "eggCycles": 20,
    "baseFriendship": 50,
    "baseScale": 1,
    "hitbox": {
        "width": 1,
        "height": 1,
        "fixed": false
    },
    "behaviour": {
        "moving": {
            "swim": {
                "avoidsWater": true
            }
        },
        "resting": {
            "willSleepOnBed": true,
            "drowsyChance": 0.0333,
            "rouseChance": 0.0042
        },
        "combat": {
            "willDefendOwner": true
        }
    },
    "drops": {
        "amount": 2,
        "entries": [
            {
                "item": "minecraft:apple"
            },
            {
                "item": "cobblemon:yache_berry",
                "percentage": 2.5
            }
        ]
    },
    "moves": [
        "1:withdraw",
        "1:astonish",
        "egg:defensecurl",
        "egg:recycle",
        "egg:rollout",
        "egg:suckerpunch",
        "tm:pounce",
        "tm:recycle",
        "tm:rollout",
        "tm:suckerpunch",
        "tm:terablast",
        "tutor:recycle",
        "tutor:rollout",
        "tutor:suckerpunch",
        "legacy:attract",
        "legacy:dracometeor",
        "legacy:grassyglide"
    ],
    "evolutions": [
        {
            "id": "applin_flapple",
            "variant": "item_interact",
            "result": "flapple",
            "consumeHeldItem": false,
            "learnableMoves": [
                "wingattack"
            ],
            "requirements": [],
            "requiredContext": "cobblemon:tart_apple"
        },
        {
            "id": "applin_appletun",
            "variant": "item_interact",
            "result": "appletun",
            "consumeHeldItem": false,
            "learnableMoves": [
                "headbutt"
            ],
            "requirements": [],
            "requiredContext": "cobblemon:sweet_apple"
        },
        {
            "id": "applin_dipplin",
            "variant": "item_interact",
            "result": "dipplin",
            "consumeHeldItem": false,
            "learnableMoves": [
                "doublehit"
            ],
            "requirements": [],
            "requiredContext": "cobblemon:syrupy_apple"
        }
    ]
}