{
    "implemented": true,
    "nationalPokedexNumber": 842,
    "name": "Appletun",
    "primaryType": "grass",
    "secondaryType": "dragon",
    "maleRatio": 0.5,
    "height": 4,
    "weight": 130,
    "pokedex": [
        "cobblemon.species.appletun.desc"
    ],
    "labels": [
        "gen8"
    ],
    "aspects": [],
    "abilities": [
        "ripen",
        "gluttony",
        "h:thickfat"
    ],
    "eggGroups": [
        "grass",
        "dragon"
    ],
    "baseStats": {
        "hp": 110,
        "attack": 85,
        "defence": 80,
        "special_attack": 100,
        "special_defence": 80,
        "speed": 30
    },
    "evYield": {
        "hp": 2,
        "attack": 0,
        "defence": 0,
        "special_attack": 0,
        "special_defence": 0,
        "speed": 0
    },
    "baseExperienceYield": 170,
    "experienceGroup": "erratic",
    "catchRate": 45,
    "eggCycles": 20,
    "baseFriendship": 50,
    "baseScale": 1,
    "hitbox": {
        "width": 1,
        "height": 1,
        "fixed": false
    },
    "drops": {
        "amount": 2,
        "entries": [
            {
                "item": "minecraft:apple"
            },
            {
                "item": "cobblemon:yache_berry",
                "percentage": 10.0
            }
        ]
    },
    "moves": [
        "1:headbutt",
        "1:recycle",
        "1:withdraw",
        "1:astonish",
        "1:growth",
        "1:sweetscent",
        "4:curse",
        "8:stomp",
        "12:leechseed",
        "16:protect",
        "20:bulletseed",
        "24:recover",
        "28:appleacid",
        "32:bodyslam",
        "36:irondefense",
        "40:dragonpulse",
        "44:energyball",
        "egg:defensecurl",
        "egg:recycle",
        "egg:rollout",
        "egg:suckerpunch",
        "tm:amnesia",
        "tm:bodypress",
        "tm:bodyslam",
        "tm:bulldoze",
        "tm:bulletseed",
        "tm:curse",
        "tm:dracometeor",
        "tm:dragonpulse",
        "tm:dragontail",
        "tm:earthquake",
        "tm:endure",
        "tm:energyball",
        "tm:facade",
        "tm:gigadrain",
        "tm:gigaimpact",
        "tm:grassknot",
        "tm:grassyglide",
        "tm:grassyterrain",
        "tm:gyroball",
        "tm:headbutt",
        "tm:heavyslam",
        "tm:helpinghand",
        "tm:highhorsepower",
        "tm:hyperbeam",
        "tm:irondefense",
        "tm:ironhead",
        "tm:leafstorm",
        "tm:lightscreen",
        "tm:magicalleaf",
        "tm:outrage",
        "tm:payback",
        "tm:pounce",
        "tm:protect",
        "tm:raindance",
        "tm:recycle",
        "tm:reflect",
        "tm:rest",
        "tm:rollout",
        "tm:safeguard",
        "tm:seedbomb",
        "tm:sleeptalk",
        "tm:solarbeam",
        "tm:stompingtantrum",
        "tm:substitute",
        "tm:suckerpunch",
        "tm:sunnyday",
        "tm:superpower",
        "tm:takedown",
        "tm:terablast",
        "tm:trailblaze",
        "tm:zenheadbutt",
        "tutor:bulldoze",
        "tutor:dragonpulse",
        "tutor:energyball",
        "tutor:gigadrain",
        "tutor:gigaimpact",
        "tutor:helpinghand",
        "tutor:highhorsepower",
        "tutor:hyperbeam",
        "tutor:irondefense",
        "tutor:ironhead",
        "tutor:magicalleaf",
        "tutor:outrage",
        "tutor:recycle",
        "tutor:rest",
        "tutor:rollout",
        "tutor:seedbomb",
        "tutor:sleeptalk",
        "tutor:stompingtantrum",
        "tutor:suckerpunch",
        "tutor:superpower",
        "tutor:zenheadbutt",
        "legacy:attract",
        "legacy:round",
        "legacy:snore"
    ],
    "preEvolution": "applin",
    "evolutions": [],
    "forms": [
        {
            "name": "Gmax",
            "primaryType": "grass",
            "secondaryType": "dragon",
            "maleRatio": 0.5,
            "height": 240,
            "weight": 0,
            "pokedex": [
                "cobblemon.species.appletun-gmax.desc"
            ],
            "labels": [
                "gen8",
                "gmax"
            ],
            "aspects": [
                "gmax"
            ],
            "dynamaxBlocked": true,
            "evolutions": [],
            "battleOnly": true
        }
    ],
    "behaviour": {
        "resting": {
            "willSleepOnBed": true,
            "drowsyChance": 0.0333,
            "rouseChance": 0.0042
        },
        "moving": {
            "swim": {
                "avoidsWater": true
            }
        },
        "combat": {
            "willDefendOwner": true
        }
    }
}