{
    "implemented": true,
    "nationalPokedexNumber": 838,
    "name": "Carkol",
    "primaryType": "rock",
    "secondaryType": "fire",
    "maleRatio": 0.5,
    "height": 11,
    "weight": 780,
    "pokedex": [
        "cobblemon.species.carkol.desc"
    ],
    "labels": [
        "gen8"
    ],
    "aspects": [],
    "abilities": [
        "steamengine",
        "flamebody",
        "h:flashfire"
    ],
    "eggGroups": [
        "mineral"
    ],
    "baseStats": {
        "hp": 80,
        "attack": 60,
        "defence": 90,
        "special_attack": 60,
        "special_defence": 70,
        "speed": 50
    },
    "evYield": {
        "hp": 0,
        "attack": 0,
        "defence": 2,
        "special_attack": 0,
        "special_defence": 0,
        "speed": 0
    },
    "baseExperienceYield": 144,
    "experienceGroup": "medium_slow",
    "catchRate": 120,
    "eggCycles": 15,
    "baseFriendship": 50,
    "baseScale": 1,
    "hitbox": {
        "width": 1,
        "height": 1,
        "fixed": false
    },
    "behaviour": {
        "moving": {
            "swim": {
                "avoidsWater": true,
                "canSwimInLava": true
            }
        },
        "herd": {
            "maxSize": "5",
            "toleratedLeaders": [
                {
                    "pokemon": "carkol",
                    "tier": 1
                },
                {
                    "pokemon": "coalossal",
                    "tier": 2
                }
            ]
        },
        "combat": {
            "willDefendOwner": true
        },
        "resting": {
            "times": [
                "any"
            ],
            "drowsyChance": 0.0014,
            "rouseChance": 0.0042
        },
        "fireImmune": true
    },
    "drops": {
        "amount": 4,
        "entries": [
            {
                "item": "minecraft:coal",
                "quantityRange": "0-2"
            },
            {
                "item": "cobblemon:black_augurite",
                "percentage": 5.0
            },
            {
                "item": "cobblemon:passho_berry",
                "percentage": 5.0
            }
        ]
    },
    "moves": [
        "1:flamecharge",
        "1:tackle",
        "1:smokescreen",
        "1:rapidspin",
        "1:smackdown",
        "1:burnup",
        "15:rockpolish",
        "20:ancientpower",
        "27:incinerate",
        "35:stealthrock",
        "41:heatcrash",
        "48:rockblast",
        "55:stoneedge",
        "egg:block",
        "egg:explosion",
        "egg:mudslap",
        "tm:ancientpower",
        "tm:block",
        "tm:bodypress",
        "tm:bodyslam",
        "tm:bulldoze",
        "tm:curse",
        "tm:dig",
        "tm:endure",
        "tm:explosion",
        "tm:facade",
        "tm:fireblast",
        "tm:firespin",
        "tm:flamecharge",
        "tm:flamethrower",
        "tm:flareblitz",
        "tm:gyroball",
        "tm:heatcrash",
        "tm:heatwave",
        "tm:heavyslam",
        "tm:incinerate",
        "tm:irondefense",
        "tm:ironhead",
        "tm:meteorbeam",
        "tm:mudslap",
        "tm:overheat",
        "tm:powergem",
        "tm:protect",
        "tm:reflect",
        "tm:rest",
        "tm:rockblast",
        "tm:rockpolish",
        "tm:rockslide",
        "tm:rocktomb",
        "tm:sandstorm",
        "tm:sandtomb",
        "tm:scald",
        "tm:scorchingsands",
        "tm:selfdestruct",
        "tm:sleeptalk",
        "tm:smackdown",
        "tm:spikes",
        "tm:stealthrock",
        "tm:stoneedge",
        "tm:substitute",
        "tm:sunnyday",
        "tm:takedown",
        "tm:temperflare",
        "tm:terablast",
        "tm:willowisp",
        "tutor:ancientpower",
        "tutor:block",
        "tutor:bulldoze",
        "tutor:flamethrower",
        "tutor:heatwave",
        "tutor:irondefense",
        "tutor:ironhead",
        "tutor:meteorbeam",
        "tutor:mudslap",
        "tutor:rest",
        "tutor:rockslide",
        "tutor:scorchingsands",
        "tutor:sleeptalk",
        "tutor:spikes",
        "tutor:stealthrock",
        "tutor:stoneedge",
        "legacy:attract",
        "legacy:highhorsepower",
        "legacy:round",
        "legacy:snore"
    ],
    "preEvolution": "rolycoly",
    "evolutions": [
        {
            "id": "carkol_coalossal",
            "variant": "level_up",
            "result": "coalossal",
            "consumeHeldItem": false,
            "learnableMoves": [
                "tarshot"
            ],
            "requirements": [
                {
                    "variant": "level",
                    "minLevel": 34
                }
            ]
        }
    ],
    "lightingData": {
        "lightLevel": 7,
        "liquidGlowMode": "LAND"
    }
}