{
    "implemented": true,
    "nationalPokedexNumber": 876,
    "name": "Indeedee",
    "primaryType": "psychic",
    "secondaryType": "normal",
    "maleRatio": 1,
    "height": 9,
    "weight": 280,
    "pokedex": [
        "cobblemon.species.indeedee.desc"
    ],
    "labels": [
        "gen8"
    ],
    "aspects": [
        "male"
    ],
    "abilities": [
        "innerfocus",
        "synchronize",
        "h:psychicsurge"
    ],
    "eggGroups": [
        "fairy"
    ],
    "baseStats": {
        "hp": 60,
        "attack": 65,
        "defence": 55,
        "special_attack": 105,
        "special_defence": 95,
        "speed": 95
    },
    "evYield": {
        "hp": 0,
        "attack": 0,
        "defence": 0,
        "special_attack": 2,
        "special_defence": 0,
        "speed": 0
    },
    "baseExperienceYield": 166,
    "experienceGroup": "fast",
    "catchRate": 30,
    "eggCycles": 40,
    "baseFriendship": 140,
    "baseScale": 1,
    "hitbox": {
        "width": 1,
        "height": 1,
        "fixed": false
    },
    "drops": {
        "amount": 2,
        "entries": [
            {
                "item": "cobblemon:room_service",
                "percentage": 5.0
            },
            {
                "item": "cobblemon:bluk_berry",
                "percentage": 5.0
            }
        ]
    },
    "moves": [
        "1:storedpower",
        "1:playnice",
        "5:encore",
        "10:disarmingvoice",
        "15:psybeam",
        "20:helpinghand",
        "25:afteryou",
        "30:healingwish",
        "35:psychic",
        "40:calmmind",
        "45:powersplit",
        "50:psychicterrain",
        "55:lastresort",
        "egg:aromatherapy",
        "egg:extrasensory",
        "egg:fakeout",
        "egg:psychup",
        "tm:afteryou",
        "tm:allyswitch",
        "tm:bodyslam",
        "tm:calmmind",
        "tm:dazzlinggleam",
        "tm:disarmingvoice",
        "tm:drainingkiss",
        "tm:drainpunch",
        "tm:encore",
        "tm:endure",
        "tm:energyball",
        "tm:expandingforce",
        "tm:facade",
        "tm:gravity",
        "tm:helpinghand",
        "tm:hypervoice",
        "tm:imprison",
        "tm:lastresort",
        "tm:magicalleaf",
        "tm:magicroom",
        "tm:metronome",
        "tm:mysticalfire",
        "tm:payday",
        "tm:playrough",
        "tm:powerswap",
        "tm:protect",
        "tm:psybeam",
        "tm:psychic",
        "tm:psychicnoise",
        "tm:psychicterrain",
        "tm:psychup",
        "tm:psyshock",
        "tm:rest",
        "tm:shadowball",
        "tm:skillswap",
        "tm:sleeptalk",
        "tm:storedpower",
        "tm:substitute",
        "tm:swift",
        "tm:takedown",
        "tm:terablast",
        "tm:terrainpulse",
        "tm:triattack",
        "tm:trick",
        "tm:trickroom",
        "tm:wonderroom",
        "tm:zenheadbutt",
        "tutor:afteryou",
        "tutor:allyswitch",
        "tutor:calmmind",
        "tutor:dazzlinggleam",
        "tutor:drainpunch",
        "tutor:energyball",
        "tutor:expandingforce",
        "tutor:gravity",
        "tutor:helpinghand",
        "tutor:hypervoice",
        "tutor:lastresort",
        "tutor:magicalleaf",
        "tutor:magicroom",
        "tutor:mysticalfire",
        "tutor:playrough",
        "tutor:psychic",
        "tutor:rest",
        "tutor:shadowball",
        "tutor:skillswap",
        "tutor:sleeptalk",
        "tutor:swift",
        "tutor:terrainpulse",
        "tutor:trick",
        "tutor:wonderroom",
        "tutor:zenheadbutt",
        "legacy:attract",
        "legacy:futuresight",
        "legacy:round",
        "legacy:snore"
    ],
    "evolutions": [],
    "forms": [
        {
            "name": "F",
            "primaryType": "psychic",
            "secondaryType": "normal",
            "maleRatio": 0,
            "height": 9,
            "weight": 280,
            "pokedex": [
                "cobblemon.species.indeedee-f.desc"
            ],
            "labels": [
                "gen8"
            ],
            "aspects": [
                "female"
            ],
            "abilities": [
                "owntempo",
                "synchronize",
                "h:psychicsurge"
            ],
            "baseStats": {
                "hp": 70,
                "attack": 55,
                "defence": 65,
                "special_attack": 95,
                "special_defence": 105,
                "speed": 85
            },
            "evYield": {
                "hp": 0,
                "attack": 0,
                "defence": 0,
                "special_attack": 0,
                "special_defence": 2,
                "speed": 0
            },
            "moves": [
                "1:storedpower",
                "1:playnice",
                "5:batonpass",
                "10:disarmingvoice",
                "15:psybeam",
                "20:helpinghand",
                "25:followme",
                "30:healingwish",
                "35:psychic",
                "40:calmmind",
                "45:guardsplit",
                "50:psychicterrain",
                "egg:aromatherapy",
                "egg:fakeout",
                "egg:healpulse",
                "egg:psychoshift",
                "egg:psychup",
                "tm:alluringvoice",
                "tm:allyswitch",
                "tm:batonpass",
                "tm:bodyslam",
                "tm:calmmind",
                "tm:charm",
                "tm:dazzlinggleam",
                "tm:disarmingvoice",
                "tm:drainingkiss",
                "tm:drainpunch",
                "tm:endure",
                "tm:energyball",
                "tm:facade",
                "tm:guardswap",
                "tm:helpinghand",
                "tm:hypervoice",
                "tm:imprison",
                "tm:lightscreen",
                "tm:magicalleaf",
                "tm:metronome",
                "tm:mysticalfire",
                "tm:payday",
                "tm:playrough",
                "tm:protect",
                "tm:psybeam",
                "tm:psychic",
                "tm:psychicterrain",
                "tm:psychup",
                "tm:psyshock",
                "tm:reflect",
                "tm:rest",
                "tm:safeguard",
                "tm:shadowball",
                "tm:skillswap",
                "tm:sleeptalk",
                "tm:storedpower",
                "tm:substitute",
                "tm:swift",
                "tm:takedown",
                "tm:terablast",
                "tm:terrainpulse",
                "tm:trick",
                "tm:trickroom",
                "tm:zenheadbutt",
                "tutor:allyswitch",
                "tutor:calmmind",
                "tutor:dazzlinggleam",
                "tutor:drainpunch",
                "tutor:energyball",
                "tutor:helpinghand",
                "tutor:hypervoice",
                "tutor:magicalleaf",
                "tutor:mysticalfire",
                "tutor:playrough",
                "tutor:psychic",
                "tutor:rest",
                "tutor:shadowball",
                "tutor:skillswap",
                "tutor:sleeptalk",
                "tutor:swift",
                "tutor:terrainpulse",
                "tutor:trick",
                "tutor:zenheadbutt",
                "legacy:attract",
                "legacy:expandingforce",
                "legacy:futuresight",
                "legacy:round",
                "legacy:snore"
            ],
            "evolutions": [],
            "battleOnly": false
        }
    ],
    "behaviour": {
        "herd": {
            "toleratedLeaders": [
                {
                    "pokemon": "indeedee",
                    "tier": 1
                }
            ]
        },
        "moving": {
            "swim": {
                "avoidsWater": true
            }
        },
        "combat": {
            "willDefendOwner": true
        },
        "resting": {
            "drowsyChance": 0.0333,
            "rouseChance": 0.0042
        }
    }
}