{
  "type": "minecraft:crafting_shaped",
  "pattern": [
    " ZX",
    "ZYZ",
    "XZ "
  ],
  "key": {
    "X": { "item": "minecraft:slime_ball" },
    "Y": { "item": "cobblemon:max_potion" },
    "Z": { "item": "minecraft:paper" }
  },
  "result": {
    "id": "lumymon:fighting_bandage",
    "count": 1,
    "components": {
      "lumymon:structure_name": "cobbleverse:marzia",
      "lumymon:dimension_id": "any",
      "lumymon:map_decoration": "lumymon:fighting_gym"
    }
  }
}