{
  "type": "minecraft:crafting_shaped",
  "pattern": [
    "XXX",
    "XZX",
    " Y "
  ],
  "key": {
    "X": { "item": "minecraft:gold_ingot" },
    "Y": { "item": "cobblemon:ghost_gem" },
    "Z": { "item": "minecraft:chorus_fruit" }
  },
  "result": {
    "id": "lumymon:ghost_pendant",
    "count": 1,
    "components": {
      "lumymon:structure_name": "cobbleverse:fannie",
      "lumymon:dimension_id": "any",
      "lumymon:map_decoration": "lumymon:ghost_gym"
    }
  }
}