{
  "type": "minecraft:crafting_shaped",
  "pattern": [
    " Z ",
    "ZXZ",
    " Y "
  ],
  "key": {
    "X": { "item": "minecraft:small_dripleaf" },
    "Y": { "item": "cobblemon:grass_gem" },
    "Z": { "item": "minecraft:azure_bluet" }
  },
  "result": {
    "id": "lumymon:grass_aroma",
    "count": 1,
    "components": {
      "lumymon:structure_name": "cobbleverse:gardenia",
      "lumymon:dimension_id": "any",
      "lumymon:map_decoration": "lumymon:grass_gym"
    }
  }
}