{
    "species":"cobblemon:flygon",
    "order":2,
    "variations":
    [
        {
            "aspects":["mega"],
            "poser":"cobblemon:flygon_mega",
            "model":"cobblemon:flygon_mega.geo",
            "texture":"cobblemon:textures/pokemon/flygon_mega/flygon_mega.png",
            "layers":
            [
                {
                    "name":"eyes",
                    "texture":"cobblemon:textures/pokemon/flygon_mega/flygon_mega_transparency.png",
                    "translucent":true,
                    "translucent_cull":true
                }
            ]
        },
        {
            "aspects":["mega", "shiny"],
            "texture":"cobblemon:textures/pokemon/flygon_mega/flygon_mega_shiny.png",
            "layers":
            [
                {
                    "name":"eyes",
                    "texture":"cobblemon:textures/pokemon/flygon_mega/flygon_mega_shiny_transparency.png",
                    "translucent":true,
                    "translucent_cull":true
                }
            ]
        }
    ]
}